RptNo,RptName,StatCourseNo,StatCourseName,DataDate,PlaceNo,PlaceName,PeriodNo,PeriodName,Complex1,ComplexName,Complex2,Complex2Name,Complex3,Complex3Name,Complex4,Complex4Name,Complex5,Complex5Name,DeriveNo,DeriveExplain,FValue,SValue,RptDeptNo,RptDeptName,CreateTime,ModifyTime
10490-05-01-2,臺中市各類短期補習班家數統計,1049005a003,各類短期補習班家數統計-家數(單位:家),2018/1/1 上午 12:00:00,010000066000010,臺中市中區,Y,年,230560000101,文理類,0,,0,,0,,0,,0,,27,,387040000E,教育局,2019/2/13 上午 10:43:13,2019/2/18 上午 09:17:51
10490-05-01-2,臺中市各類短期補習班家數統計,1049005a003,各類短期補習班家數統計-家數(單位:家),2018/1/1 上午 12:00:00,010000066000010,臺中市中區,Y,年,230560000102,外語類,0,,0,,0,,0,,0,,10,,387040000E,教育局,2019/2/13 上午 10:43:13,2019/2/18 上午 09:17:51
10490-05-01-2,臺中市各類短期補習班家數統計,1049005a003,各類短期補習班家數統計-家數(單位:家),2018/1/1 上午 12:00:00,010000066000010,臺中市中區,Y,年,230560000103,法政類,0,,0,,0,,0,,0,,5,,387040000E,教育局,2019/2/13 上午 10:43:13,2019/2/18 上午 09:17:51
10490-05-01-2,臺中市各類短期補習班家數統計,1049005a003,各類短期補習班家數統計-家數(單位:家),2018/1/1 上午 12:00:00,010000066000010,臺中市中區,Y,年,230560000201,電機、汽車 修護、建築、工藝、製圖類,0,,0,,0,,0,,0,,3,,387040000E,教育局,2019/2/13 上午 10:43:13,2019/2/18 上午 09:17:51
10490-05-01-2,臺中市各類短期補習班家數統計,1049005a003,各類短期補習班家數統計-家數(單位:家),2018/1/1 上午 12:00:00,010000066000010,臺中市中區,Y,年,230560000202,資訊類,0,,0,,0,,0,,0,,2,,387040000E,教育局,2019/2/13 上午 10:43:13,2019/2/18 上午 09:17:51
10490-05-01-2,臺中市各類短期補習班家數統計,1049005a003,各類短期補習班家數統計-家數(單位:家),2018/1/1 上午 12:00:00,010000066000010,臺中市中區,Y,年,230560000203,家政、插花、烹飪類,0,,0,,0,,0,,0,,0,,387040000E,教育局,2019/2/13 上午 10:43:13,2019/2/18 上午 09:17:51
10490-05-01-2,臺中市各類短期補習班家數統計,1049005a003,各類短期補習班家數統計-家數(單位:家),2018/1/1 上午 12:00:00,010000066000010,臺中市中區,Y,年,230560000204,縫紉類,0,,0,,0,,0,,0,,1,,387040000E,教育局,2019/2/13 上午 10:43:13,2019/2/18 上午 09:17:51
10490-05-01-2,臺中市各類短期補習班家數統計,1049005a003,各類短期補習班家數統計-家數(單位:家),2018/1/1 上午 12:00:00,010000066000010,臺中市中區,Y,年,230560000205,美容、美髮理髮類,0,,0,,0,,0,,0,,3,,387040000E,教育局,2019/2/13 上午 10:43:13,2019/2/18 上午 09:17:51
10490-05-01-2,臺中市各類短期補習班家數統計,1049005a003,各類短期補習班家數統計-家數(單位:家),2018/1/1 上午 12:00:00,010000066000010,臺中市中區,Y,年,230560000206,音樂、舞蹈類,0,,0,,0,,0,,0,,7,,387040000E,教育局,2019/2/13 上午 10:43:13,2019/2/18 上午 09:17:51
10490-05-01-2,臺中市各類短期補習班家數統計,1049005a003,各類短期補習班家數統計-家數(單位:家),2018/1/1 上午 12:00:00,010000066000010,臺中市中區,Y,年,230560000207,美術、書法、攝影、美工設計、圍棋類,0,,0,,0,,0,,0,,1,,387040000E,教育局,2019/2/13 上午 10:43:13,2019/2/18 上午 09:17:51
10490-05-01-2,臺中市各類短期補習班家數統計,1049005a003,各類短期補習班家數統計-家數(單位:家),2018/1/1 上午 12:00:00,010000066000010,臺中市中區,Y,年,230560000208,商類:珠算、心算、會計,0,,0,,0,,0,,0,,2,,387040000E,教育局,2019/2/13 上午 10:43:13,2019/2/18 上午 09:17:51
10490-05-01-2,臺中市各類短期補習班家數統計,1049005a003,各類短期補習班家數統計-家數(單位:家),2018/1/1 上午 12:00:00,010000066000010,臺中市中區,Y,年,230560000209,瑜珈類,0,,0,,0,,0,,0,,0,,387040000E,教育局,2019/2/13 上午 10:43:13,2019/2/18 上午 09:17:51
10490-05-01-2,臺中市各類短期補習班家數統計,1049005a003,各類短期補習班家數統計-家數(單位:家),2018/1/1 上午 12:00:00,010000066000010,臺中市中區,Y,年,230560000210,速讀類,0,,0,,0,,0,,0,,0,,387040000E,教育局,2019/2/13 上午 10:43:13,2019/2/18 上午 09:17:51
10490-05-01-2,臺中市各類短期補習班家數統計,1049005a003,各類短期補習班家數統計-家數(單位:家),2018/1/1 上午 12:00:00,010000066000010,臺中市中區,Y,年,230560000212,其他類,0,,0,,0,,0,,0,,2,,387040000E,教育局,2019/2/13 上午 10:43:13,2019/2/18 上午 09:17:51
10490-05-01-2,臺中市各類短期補習班家數統計,1049005a003,各類短期補習班家數統計-家數(單位:家),2018/1/1 上午 12:00:00,010000066000020,臺中市東區,Y,年,230560000101,文理類,0,,0,,0,,0,,0,,42,,387040000E,教育局,2019/2/13 上午 10:43:13,2019/2/18 上午 09:17:51
10490-05-01-2,臺中市各類短期補習班家數統計,1049005a003,各類短期補習班家數統計-家數(單位:家),2018/1/1 上午 12:00:00,010000066000020,臺中市東區,Y,年,230560000102,外語類,0,,0,,0,,0,,0,,23,,387040000E,教育局,2019/2/13 上午 10:43:13,2019/2/18 上午 09:17:51
10490-05-01-2,臺中市各類短期補習班家數統計,1049005a003,各類短期補習班家數統計-家數(單位:家),2018/1/1 上午 12:00:00,010000066000020,臺中市東區,Y,年,230560000103,法政類,0,,0,,0,,0,,0,,1,,387040000E,教育局,2019/2/13 上午 10:43:13,2019/2/18 上午 09:17:51
10490-05-01-2,臺中市各類短期補習班家數統計,1049005a003,各類短期補習班家數統計-家數(單位:家),2018/1/1 上午 12:00:00,010000066000020,臺中市東區,Y,年,230560000201,電機、汽車 修護、建築、工藝、製圖類,0,,0,,0,,0,,0,,0,,387040000E,教育局,2019/2/13 上午 10:43:13,2019/2/18 上午 09:17:51
10490-05-01-2,臺中市各類短期補習班家數統計,1049005a003,各類短期補習班家數統計-家數(單位:家),2018/1/1 上午 12:00:00,010000066000020,臺中市東區,Y,年,230560000202,資訊類,0,,0,,0,,0,,0,,2,,387040000E,教育局,2019/2/13 上午 10:43:13,2019/2/18 上午 09:17:51
10490-05-01-2,臺中市各類短期補習班家數統計,1049005a003,各類短期補習班家數統計-家數(單位:家),2018/1/1 上午 12:00:00,010000066000020,臺中市東區,Y,年,230560000203,家政、插花、烹飪類,0,,0,,0,,0,,0,,1,,387040000E,教育局,2019/2/13 上午 10:43:13,2019/2/18 上午 09:17:51
10490-05-01-2,臺中市各類短期補習班家數統計,1049005a003,各類短期補習班家數統計-家數(單位:家),2018/1/1 上午 12:00:00,010000066000020,臺中市東區,Y,年,230560000204,縫紉類,0,,0,,0,,0,,0,,0,,387040000E,教育局,2019/2/13 上午 10:43:13,2019/2/18 上午 09:17:51
10490-05-01-2,臺中市各類短期補習班家數統計,1049005a003,各類短期補習班家數統計-家數(單位:家),2018/1/1 上午 12:00:00,010000066000020,臺中市東區,Y,年,230560000205,美容、美髮理髮類,0,,0,,0,,0,,0,,4,,387040000E,教育局,2019/2/13 上午 10:43:13,2019/2/18 上午 09:17:51
10490-05-01-2,臺中市各類短期補習班家數統計,1049005a003,各類短期補習班家數統計-家數(單位:家),2018/1/1 上午 12:00:00,010000066000020,臺中市東區,Y,年,230560000206,音樂、舞蹈類,0,,0,,0,,0,,0,,1,,387040000E,教育局,2019/2/13 上午 10:43:13,2019/2/18 上午 09:17:51
10490-05-01-2,臺中市各類短期補習班家數統計,1049005a003,各類短期補習班家數統計-家數(單位:家),2018/1/1 上午 12:00:00,010000066000020,臺中市東區,Y,年,230560000207,美術、書法、攝影、美工設計、圍棋類,0,,0,,0,,0,,0,,3,,387040000E,教育局,2019/2/13 上午 10:43:13,2019/2/18 上午 09:17:51
10490-05-01-2,臺中市各類短期補習班家數統計,1049005a003,各類短期補習班家數統計-家數(單位:家),2018/1/1 上午 12:00:00,010000066000020,臺中市東區,Y,年,230560000208,商類:珠算、心算、會計,0,,0,,0,,0,,0,,5,,387040000E,教育局,2019/2/13 上午 10:43:13,2019/2/18 上午 09:17:51
10490-05-01-2,臺中市各類短期補習班家數統計,1049005a003,各類短期補習班家數統計-家數(單位:家),2018/1/1 上午 12:00:00,010000066000020,臺中市東區,Y,年,230560000209,瑜珈類,0,,0,,0,,0,,0,,0,,387040000E,教育局,2019/2/13 上午 10:43:13,2019/2/18 上午 09:17:51
10490-05-01-2,臺中市各類短期補習班家數統計,1049005a003,各類短期補習班家數統計-家數(單位:家),2018/1/1 上午 12:00:00,010000066000020,臺中市東區,Y,年,230560000210,速讀類,0,,0,,0,,0,,0,,0,,387040000E,教育局,2019/2/13 上午 10:43:13,2019/2/18 上午 09:17:51
10490-05-01-2,臺中市各類短期補習班家數統計,1049005a003,各類短期補習班家數統計-家數(單位:家),2018/1/1 上午 12:00:00,010000066000020,臺中市東區,Y,年,230560000212,其他類,0,,0,,0,,0,,0,,6,,387040000E,教育局,2019/2/13 上午 10:43:13,2019/2/18 上午 09:17:51
10490-05-01-2,臺中市各類短期補習班家數統計,1049005a003,各類短期補習班家數統計-家數(單位:家),2018/1/1 上午 12:00:00,010000066000030,臺中市南區,Y,年,230560000101,文理類,0,,0,,0,,0,,0,,63,,387040000E,教育局,2019/2/13 上午 10:43:13,2019/2/18 上午 09:17:51
10490-05-01-2,臺中市各類短期補習班家數統計,1049005a003,各類短期補習班家數統計-家數(單位:家),2018/1/1 上午 12:00:00,010000066000030,臺中市南區,Y,年,230560000102,外語類,0,,0,,0,,0,,0,,33,,387040000E,教育局,2019/2/13 上午 10:43:13,2019/2/18 上午 09:17:51
10490-05-01-2,臺中市各類短期補習班家數統計,1049005a003,各類短期補習班家數統計-家數(單位:家),2018/1/1 上午 12:00:00,010000066000030,臺中市南區,Y,年,230560000103,法政類,0,,0,,0,,0,,0,,0,,387040000E,教育局,2019/2/13 上午 10:43:13,2019/2/18 上午 09:17:51
10490-05-01-2,臺中市各類短期補習班家數統計,1049005a003,各類短期補習班家數統計-家數(單位:家),2018/1/1 上午 12:00:00,010000066000030,臺中市南區,Y,年,230560000201,電機、汽車 修護、建築、工藝、製圖類,0,,0,,0,,0,,0,,0,,387040000E,教育局,2019/2/13 上午 10:43:13,2019/2/18 上午 09:17:51
10490-05-01-2,臺中市各類短期補習班家數統計,1049005a003,各類短期補習班家數統計-家數(單位:家),2018/1/1 上午 12:00:00,010000066000030,臺中市南區,Y,年,230560000202,資訊類,0,,0,,0,,0,,0,,3,,387040000E,教育局,2019/2/13 上午 10:43:13,2019/2/18 上午 09:17:51
10490-05-01-2,臺中市各類短期補習班家數統計,1049005a003,各類短期補習班家數統計-家數(單位:家),2018/1/1 上午 12:00:00,010000066000030,臺中市南區,Y,年,230560000203,家政、插花、烹飪類,0,,0,,0,,0,,0,,1,,387040000E,教育局,2019/2/13 上午 10:43:13,2019/2/18 上午 09:17:51
10490-05-01-2,臺中市各類短期補習班家數統計,1049005a003,各類短期補習班家數統計-家數(單位:家),2018/1/1 上午 12:00:00,010000066000030,臺中市南區,Y,年,230560000204,縫紉類,0,,0,,0,,0,,0,,1,,387040000E,教育局,2019/2/13 上午 10:43:13,2019/2/18 上午 09:17:51
10490-05-01-2,臺中市各類短期補習班家數統計,1049005a003,各類短期補習班家數統計-家數(單位:家),2018/1/1 上午 12:00:00,010000066000030,臺中市南區,Y,年,230560000205,美容、美髮理髮類,0,,0,,0,,0,,0,,0,,387040000E,教育局,2019/2/13 上午 10:43:13,2019/2/18 上午 09:17:51
10490-05-01-2,臺中市各類短期補習班家數統計,1049005a003,各類短期補習班家數統計-家數(單位:家),2018/1/1 上午 12:00:00,010000066000030,臺中市南區,Y,年,230560000206,音樂、舞蹈類,0,,0,,0,,0,,0,,7,,387040000E,教育局,2019/2/13 上午 10:43:13,2019/2/18 上午 09:17:51
10490-05-01-2,臺中市各類短期補習班家數統計,1049005a003,各類短期補習班家數統計-家數(單位:家),2018/1/1 上午 12:00:00,010000066000030,臺中市南區,Y,年,230560000207,美術、書法、攝影、美工設計、圍棋類,0,,0,,0,,0,,0,,7,,387040000E,教育局,2019/2/13 上午 10:43:13,2019/2/18 上午 09:17:51
10490-05-01-2,臺中市各類短期補習班家數統計,1049005a003,各類短期補習班家數統計-家數(單位:家),2018/1/1 上午 12:00:00,010000066000030,臺中市南區,Y,年,230560000208,商類:珠算、心算、會計,0,,0,,0,,0,,0,,4,,387040000E,教育局,2019/2/13 上午 10:43:13,2019/2/18 上午 09:17:51
10490-05-01-2,臺中市各類短期補習班家數統計,1049005a003,各類短期補習班家數統計-家數(單位:家),2018/1/1 上午 12:00:00,010000066000030,臺中市南區,Y,年,230560000209,瑜珈類,0,,0,,0,,0,,0,,1,,387040000E,教育局,2019/2/13 上午 10:43:13,2019/2/18 上午 09:17:51
10490-05-01-2,臺中市各類短期補習班家數統計,1049005a003,各類短期補習班家數統計-家數(單位:家),2018/1/1 上午 12:00:00,010000066000030,臺中市南區,Y,年,230560000210,速讀類,0,,0,,0,,0,,0,,0,,387040000E,教育局,2019/2/13 上午 10:43:13,2019/2/18 上午 09:17:51
10490-05-01-2,臺中市各類短期補習班家數統計,1049005a003,各類短期補習班家數統計-家數(單位:家),2018/1/1 上午 12:00:00,010000066000030,臺中市南區,Y,年,230560000212,其他類,0,,0,,0,,0,,0,,2,,387040000E,教育局,2019/2/13 上午 10:43:13,2019/2/18 上午 09:17:51
10490-05-01-2,臺中市各類短期補習班家數統計,1049005a003,各類短期補習班家數統計-家數(單位:家),2018/1/1 上午 12:00:00,010000066000040,臺中市西區,Y,年,230560000101,文理類,0,,0,,0,,0,,0,,88,,387040000E,教育局,2019/2/13 上午 10:43:13,2019/2/18 上午 09:17:51
10490-05-01-2,臺中市各類短期補習班家數統計,1049005a003,各類短期補習班家數統計-家數(單位:家),2018/1/1 上午 12:00:00,010000066000040,臺中市西區,Y,年,230560000102,外語類,0,,0,,0,,0,,0,,54,,387040000E,教育局,2019/2/13 上午 10:43:13,2019/2/18 上午 09:17:51
10490-05-01-2,臺中市各類短期補習班家數統計,1049005a003,各類短期補習班家數統計-家數(單位:家),2018/1/1 上午 12:00:00,010000066000040,臺中市西區,Y,年,230560000103,法政類,0,,0,,0,,0,,0,,1,,387040000E,教育局,2019/2/13 上午 10:43:13,2019/2/18 上午 09:17:51
10490-05-01-2,臺中市各類短期補習班家數統計,1049005a003,各類短期補習班家數統計-家數(單位:家),2018/1/1 上午 12:00:00,010000066000040,臺中市西區,Y,年,230560000201,電機、汽車 修護、建築、工藝、製圖類,0,,0,,0,,0,,0,,0,,387040000E,教育局,2019/2/13 上午 10:43:13,2019/2/18 上午 09:17:51
10490-05-01-2,臺中市各類短期補習班家數統計,1049005a003,各類短期補習班家數統計-家數(單位:家),2018/1/1 上午 12:00:00,010000066000040,臺中市西區,Y,年,230560000202,資訊類,0,,0,,0,,0,,0,,6,,387040000E,教育局,2019/2/13 上午 10:43:13,2019/2/18 上午 09:17:51
10490-05-01-2,臺中市各類短期補習班家數統計,1049005a003,各類短期補習班家數統計-家數(單位:家),2018/1/1 上午 12:00:00,010000066000040,臺中市西區,Y,年,230560000203,家政、插花、烹飪類,0,,0,,0,,0,,0,,3,,387040000E,教育局,2019/2/13 上午 10:43:13,2019/2/18 上午 09:17:51
10490-05-01-2,臺中市各類短期補習班家數統計,1049005a003,各類短期補習班家數統計-家數(單位:家),2018/1/1 上午 12:00:00,010000066000040,臺中市西區,Y,年,230560000204,縫紉類,0,,0,,0,,0,,0,,0,,387040000E,教育局,2019/2/13 上午 10:43:13,2019/2/18 上午 09:17:51
10490-05-01-2,臺中市各類短期補習班家數統計,1049005a003,各類短期補習班家數統計-家數(單位:家),2018/1/1 上午 12:00:00,010000066000040,臺中市西區,Y,年,230560000205,美容、美髮理髮類,0,,0,,0,,0,,0,,4,,387040000E,教育局,2019/2/13 上午 10:43:13,2019/2/18 上午 09:17:51
10490-05-01-2,臺中市各類短期補習班家數統計,1049005a003,各類短期補習班家數統計-家數(單位:家),2018/1/1 上午 12:00:00,010000066000040,臺中市西區,Y,年,230560000206,音樂、舞蹈類,0,,0,,0,,0,,0,,15,,387040000E,教育局,2019/2/13 上午 10:43:13,2019/2/18 上午 09:17:51
10490-05-01-2,臺中市各類短期補習班家數統計,1049005a003,各類短期補習班家數統計-家數(單位:家),2018/1/1 上午 12:00:00,010000066000040,臺中市西區,Y,年,230560000207,美術、書法、攝影、美工設計、圍棋類,0,,0,,0,,0,,0,,16,,387040000E,教育局,2019/2/13 上午 10:43:13,2019/2/18 上午 09:17:51
10490-05-01-2,臺中市各類短期補習班家數統計,1049005a003,各類短期補習班家數統計-家數(單位:家),2018/1/1 上午 12:00:00,010000066000040,臺中市西區,Y,年,230560000208,商類:珠算、心算、會計,0,,0,,0,,0,,0,,6,,387040000E,教育局,2019/2/13 上午 10:43:13,2019/2/18 上午 09:17:51
10490-05-01-2,臺中市各類短期補習班家數統計,1049005a003,各類短期補習班家數統計-家數(單位:家),2018/1/1 上午 12:00:00,010000066000040,臺中市西區,Y,年,230560000209,瑜珈類,0,,0,,0,,0,,0,,2,,387040000E,教育局,2019/2/13 上午 10:43:13,2019/2/18 上午 09:17:51
10490-05-01-2,臺中市各類短期補習班家數統計,1049005a003,各類短期補習班家數統計-家數(單位:家),2018/1/1 上午 12:00:00,010000066000040,臺中市西區,Y,年,230560000210,速讀類,0,,0,,0,,0,,0,,0,,387040000E,教育局,2019/2/13 上午 10:43:13,2019/2/18 上午 09:17:51
10490-05-01-2,臺中市各類短期補習班家數統計,1049005a003,各類短期補習班家數統計-家數(單位:家),2018/1/1 上午 12:00:00,010000066000040,臺中市西區,Y,年,230560000212,其他類,0,,0,,0,,0,,0,,6,,387040000E,教育局,2019/2/13 上午 10:43:13,2019/2/18 上午 09:17:51
10490-05-01-2,臺中市各類短期補習班家數統計,1049005a003,各類短期補習班家數統計-家數(單位:家),2018/1/1 上午 12:00:00,010000066000050,臺中市北區,Y,年,230560000101,文理類,0,,0,,0,,0,,0,,106,,387040000E,教育局,2019/2/13 上午 10:43:13,2019/2/18 上午 09:17:51
10490-05-01-2,臺中市各類短期補習班家數統計,1049005a003,各類短期補習班家數統計-家數(單位:家),2018/1/1 上午 12:00:00,010000066000050,臺中市北區,Y,年,230560000102,外語類,0,,0,,0,,0,,0,,47,,387040000E,教育局,2019/2/13 上午 10:43:13,2019/2/18 上午 09:17:51
10490-05-01-2,臺中市各類短期補習班家數統計,1049005a003,各類短期補習班家數統計-家數(單位:家),2018/1/1 上午 12:00:00,010000066000050,臺中市北區,Y,年,230560000103,法政類,0,,0,,0,,0,,0,,1,,387040000E,教育局,2019/2/13 上午 10:43:13,2019/2/18 上午 09:17:51
10490-05-01-2,臺中市各類短期補習班家數統計,1049005a003,各類短期補習班家數統計-家數(單位:家),2018/1/1 上午 12:00:00,010000066000050,臺中市北區,Y,年,230560000201,電機、汽車 修護、建築、工藝、製圖類,0,,0,,0,,0,,0,,3,,387040000E,教育局,2019/2/13 上午 10:43:13,2019/2/18 上午 09:17:51
10490-05-01-2,臺中市各類短期補習班家數統計,1049005a003,各類短期補習班家數統計-家數(單位:家),2018/1/1 上午 12:00:00,010000066000050,臺中市北區,Y,年,230560000202,資訊類,0,,0,,0,,0,,0,,9,,387040000E,教育局,2019/2/13 上午 10:43:13,2019/2/18 上午 09:17:51
10490-05-01-2,臺中市各類短期補習班家數統計,1049005a003,各類短期補習班家數統計-家數(單位:家),2018/1/1 上午 12:00:00,010000066000050,臺中市北區,Y,年,230560000203,家政、插花、烹飪類,0,,0,,0,,0,,0,,1,,387040000E,教育局,2019/2/13 上午 10:43:13,2019/2/18 上午 09:17:51
10490-05-01-2,臺中市各類短期補習班家數統計,1049005a003,各類短期補習班家數統計-家數(單位:家),2018/1/1 上午 12:00:00,010000066000050,臺中市北區,Y,年,230560000204,縫紉類,0,,0,,0,,0,,0,,2,,387040000E,教育局,2019/2/13 上午 10:43:13,2019/2/18 上午 09:17:51
10490-05-01-2,臺中市各類短期補習班家數統計,1049005a003,各類短期補習班家數統計-家數(單位:家),2018/1/1 上午 12:00:00,010000066000050,臺中市北區,Y,年,230560000205,美容、美髮理髮類,0,,0,,0,,0,,0,,3,,387040000E,教育局,2019/2/13 上午 10:43:13,2019/2/18 上午 09:17:51
10490-05-01-2,臺中市各類短期補習班家數統計,1049005a003,各類短期補習班家數統計-家數(單位:家),2018/1/1 上午 12:00:00,010000066000050,臺中市北區,Y,年,230560000206,音樂、舞蹈類,0,,0,,0,,0,,0,,17,,387040000E,教育局,2019/2/13 上午 10:43:13,2019/2/18 上午 09:17:51
10490-05-01-2,臺中市各類短期補習班家數統計,1049005a003,各類短期補習班家數統計-家數(單位:家),2018/1/1 上午 12:00:00,010000066000050,臺中市北區,Y,年,230560000207,美術、書法、攝影、美工設計、圍棋類,0,,0,,0,,0,,0,,12,,387040000E,教育局,2019/2/13 上午 10:43:13,2019/2/18 上午 09:17:51
10490-05-01-2,臺中市各類短期補習班家數統計,1049005a003,各類短期補習班家數統計-家數(單位:家),2018/1/1 上午 12:00:00,010000066000050,臺中市北區,Y,年,230560000208,商類:珠算、心算、會計,0,,0,,0,,0,,0,,3,,387040000E,教育局,2019/2/13 上午 10:43:13,2019/2/18 上午 09:17:51
10490-05-01-2,臺中市各類短期補習班家數統計,1049005a003,各類短期補習班家數統計-家數(單位:家),2018/1/1 上午 12:00:00,010000066000050,臺中市北區,Y,年,230560000209,瑜珈類,0,,0,,0,,0,,0,,0,,387040000E,教育局,2019/2/13 上午 10:43:13,2019/2/18 上午 09:17:51
10490-05-01-2,臺中市各類短期補習班家數統計,1049005a003,各類短期補習班家數統計-家數(單位:家),2018/1/1 上午 12:00:00,010000066000050,臺中市北區,Y,年,230560000210,速讀類,0,,0,,0,,0,,0,,0,,387040000E,教育局,2019/2/13 上午 10:43:13,2019/2/18 上午 09:17:51
10490-05-01-2,臺中市各類短期補習班家數統計,1049005a003,各類短期補習班家數統計-家數(單位:家),2018/1/1 上午 12:00:00,010000066000050,臺中市北區,Y,年,230560000212,其他類,0,,0,,0,,0,,0,,10,,387040000E,教育局,2019/2/13 上午 10:43:13,2019/2/18 上午 09:17:51
10490-05-01-2,臺中市各類短期補習班家數統計,1049005a003,各類短期補習班家數統計-家數(單位:家),2018/1/1 上午 12:00:00,010000066000080,臺中市北屯區,Y,年,230560000101,文理類,0,,0,,0,,0,,0,,202,,387040000E,教育局,2019/2/13 上午 10:43:13,2019/2/18 上午 09:17:51
10490-05-01-2,臺中市各類短期補習班家數統計,1049005a003,各類短期補習班家數統計-家數(單位:家),2018/1/1 上午 12:00:00,010000066000080,臺中市北屯區,Y,年,230560000102,外語類,0,,0,,0,,0,,0,,67,,387040000E,教育局,2019/2/13 上午 10:43:13,2019/2/18 上午 09:17:51
10490-05-01-2,臺中市各類短期補習班家數統計,1049005a003,各類短期補習班家數統計-家數(單位:家),2018/1/1 上午 12:00:00,010000066000080,臺中市北屯區,Y,年,230560000103,法政類,0,,0,,0,,0,,0,,0,,387040000E,教育局,2019/2/13 上午 10:43:13,2019/2/18 上午 09:17:51
10490-05-01-2,臺中市各類短期補習班家數統計,1049005a003,各類短期補習班家數統計-家數(單位:家),2018/1/1 上午 12:00:00,010000066000080,臺中市北屯區,Y,年,230560000201,電機、汽車 修護、建築、工藝、製圖類,0,,0,,0,,0,,0,,0,,387040000E,教育局,2019/2/13 上午 10:43:13,2019/2/18 上午 09:17:51
10490-05-01-2,臺中市各類短期補習班家數統計,1049005a003,各類短期補習班家數統計-家數(單位:家),2018/1/1 上午 12:00:00,010000066000080,臺中市北屯區,Y,年,230560000202,資訊類,0,,0,,0,,0,,0,,9,,387040000E,教育局,2019/2/13 上午 10:43:13,2019/2/18 上午 09:17:51
10490-05-01-2,臺中市各類短期補習班家數統計,1049005a003,各類短期補習班家數統計-家數(單位:家),2018/1/1 上午 12:00:00,010000066000080,臺中市北屯區,Y,年,230560000203,家政、插花、烹飪類,0,,0,,0,,0,,0,,2,,387040000E,教育局,2019/2/13 上午 10:43:13,2019/2/18 上午 09:17:51
10490-05-01-2,臺中市各類短期補習班家數統計,1049005a003,各類短期補習班家數統計-家數(單位:家),2018/1/1 上午 12:00:00,010000066000080,臺中市北屯區,Y,年,230560000204,縫紉類,0,,0,,0,,0,,0,,0,,387040000E,教育局,2019/2/13 上午 10:43:13,2019/2/18 上午 09:17:51
10490-05-01-2,臺中市各類短期補習班家數統計,1049005a003,各類短期補習班家數統計-家數(單位:家),2018/1/1 上午 12:00:00,010000066000080,臺中市北屯區,Y,年,230560000205,美容、美髮理髮類,0,,0,,0,,0,,0,,2,,387040000E,教育局,2019/2/13 上午 10:43:13,2019/2/18 上午 09:17:51
10490-05-01-2,臺中市各類短期補習班家數統計,1049005a003,各類短期補習班家數統計-家數(單位:家),2018/1/1 上午 12:00:00,010000066000080,臺中市北屯區,Y,年,230560000206,音樂、舞蹈類,0,,0,,0,,0,,0,,23,,387040000E,教育局,2019/2/13 上午 10:43:13,2019/2/18 上午 09:17:51
10490-05-01-2,臺中市各類短期補習班家數統計,1049005a003,各類短期補習班家數統計-家數(單位:家),2018/1/1 上午 12:00:00,010000066000080,臺中市北屯區,Y,年,230560000207,美術、書法、攝影、美工設計、圍棋類,0,,0,,0,,0,,0,,15,,387040000E,教育局,2019/2/13 上午 10:43:13,2019/2/18 上午 09:17:51
10490-05-01-2,臺中市各類短期補習班家數統計,1049005a003,各類短期補習班家數統計-家數(單位:家),2018/1/1 上午 12:00:00,010000066000080,臺中市北屯區,Y,年,230560000208,商類:珠算、心算、會計,0,,0,,0,,0,,0,,9,,387040000E,教育局,2019/2/13 上午 10:43:13,2019/2/18 上午 09:17:51
10490-05-01-2,臺中市各類短期補習班家數統計,1049005a003,各類短期補習班家數統計-家數(單位:家),2018/1/1 上午 12:00:00,010000066000080,臺中市北屯區,Y,年,230560000209,瑜珈類,0,,0,,0,,0,,0,,0,,387040000E,教育局,2019/2/13 上午 10:43:13,2019/2/18 上午 09:17:51
10490-05-01-2,臺中市各類短期補習班家數統計,1049005a003,各類短期補習班家數統計-家數(單位:家),2018/1/1 上午 12:00:00,010000066000080,臺中市北屯區,Y,年,230560000210,速讀類,0,,0,,0,,0,,0,,0,,387040000E,教育局,2019/2/13 上午 10:43:13,2019/2/18 上午 09:17:51
10490-05-01-2,臺中市各類短期補習班家數統計,1049005a003,各類短期補習班家數統計-家數(單位:家),2018/1/1 上午 12:00:00,010000066000080,臺中市北屯區,Y,年,230560000212,其他類,0,,0,,0,,0,,0,,10,,387040000E,教育局,2019/2/13 上午 10:43:13,2019/2/18 上午 09:17:51
10490-05-01-2,臺中市各類短期補習班家數統計,1049005a003,各類短期補習班家數統計-家數(單位:家),2018/1/1 上午 12:00:00,010000066000060,臺中市西屯區,Y,年,230560000101,文理類,0,,0,,0,,0,,0,,139,,387040000E,教育局,2019/2/13 上午 10:43:13,2019/2/18 上午 09:17:51
10490-05-01-2,臺中市各類短期補習班家數統計,1049005a003,各類短期補習班家數統計-家數(單位:家),2018/1/1 上午 12:00:00,010000066000060,臺中市西屯區,Y,年,230560000102,外語類,0,,0,,0,,0,,0,,61,,387040000E,教育局,2019/2/13 上午 10:43:13,2019/2/18 上午 09:17:51
10490-05-01-2,臺中市各類短期補習班家數統計,1049005a003,各類短期補習班家數統計-家數(單位:家),2018/1/1 上午 12:00:00,010000066000060,臺中市西屯區,Y,年,230560000103,法政類,0,,0,,0,,0,,0,,3,,387040000E,教育局,2019/2/13 上午 10:43:13,2019/2/18 上午 09:17:51
10490-05-01-2,臺中市各類短期補習班家數統計,1049005a003,各類短期補習班家數統計-家數(單位:家),2018/1/1 上午 12:00:00,010000066000060,臺中市西屯區,Y,年,230560000201,電機、汽車 修護、建築、工藝、製圖類,0,,0,,0,,0,,0,,2,,387040000E,教育局,2019/2/13 上午 10:43:13,2019/2/18 上午 09:17:51
10490-05-01-2,臺中市各類短期補習班家數統計,1049005a003,各類短期補習班家數統計-家數(單位:家),2018/1/1 上午 12:00:00,010000066000060,臺中市西屯區,Y,年,230560000202,資訊類,0,,0,,0,,0,,0,,8,,387040000E,教育局,2019/2/13 上午 10:43:13,2019/2/18 上午 09:17:51
10490-05-01-2,臺中市各類短期補習班家數統計,1049005a003,各類短期補習班家數統計-家數(單位:家),2018/1/1 上午 12:00:00,010000066000060,臺中市西屯區,Y,年,230560000203,家政、插花、烹飪類,0,,0,,0,,0,,0,,2,,387040000E,教育局,2019/2/13 上午 10:43:13,2019/2/18 上午 09:17:51
10490-05-01-2,臺中市各類短期補習班家數統計,1049005a003,各類短期補習班家數統計-家數(單位:家),2018/1/1 上午 12:00:00,010000066000060,臺中市西屯區,Y,年,230560000204,縫紉類,0,,0,,0,,0,,0,,0,,387040000E,教育局,2019/2/13 上午 10:43:13,2019/2/18 上午 09:17:51
10490-05-01-2,臺中市各類短期補習班家數統計,1049005a003,各類短期補習班家數統計-家數(單位:家),2018/1/1 上午 12:00:00,010000066000060,臺中市西屯區,Y,年,230560000205,美容、美髮理髮類,0,,0,,0,,0,,0,,1,,387040000E,教育局,2019/2/13 上午 10:43:13,2019/2/18 上午 09:17:51
10490-05-01-2,臺中市各類短期補習班家數統計,1049005a003,各類短期補習班家數統計-家數(單位:家),2018/1/1 上午 12:00:00,010000066000060,臺中市西屯區,Y,年,230560000206,音樂、舞蹈類,0,,0,,0,,0,,0,,27,,387040000E,教育局,2019/2/13 上午 10:43:13,2019/2/18 上午 09:17:51
10490-05-01-2,臺中市各類短期補習班家數統計,1049005a003,各類短期補習班家數統計-家數(單位:家),2018/1/1 上午 12:00:00,010000066000060,臺中市西屯區,Y,年,230560000207,美術、書法、攝影、美工設計、圍棋類,0,,0,,0,,0,,0,,6,,387040000E,教育局,2019/2/13 上午 10:43:13,2019/2/18 上午 09:17:51
10490-05-01-2,臺中市各類短期補習班家數統計,1049005a003,各類短期補習班家數統計-家數(單位:家),2018/1/1 上午 12:00:00,010000066000060,臺中市西屯區,Y,年,230560000208,商類:珠算、心算、會計,0,,0,,0,,0,,0,,3,,387040000E,教育局,2019/2/13 上午 10:43:13,2019/2/18 上午 09:17:51
10490-05-01-2,臺中市各類短期補習班家數統計,1049005a003,各類短期補習班家數統計-家數(單位:家),2018/1/1 上午 12:00:00,010000066000060,臺中市西屯區,Y,年,230560000209,瑜珈類,0,,0,,0,,0,,0,,0,,387040000E,教育局,2019/2/13 上午 10:43:13,2019/2/18 上午 09:17:51
10490-05-01-2,臺中市各類短期補習班家數統計,1049005a003,各類短期補習班家數統計-家數(單位:家),2018/1/1 上午 12:00:00,010000066000060,臺中市西屯區,Y,年,230560000210,速讀類,0,,0,,0,,0,,0,,0,,387040000E,教育局,2019/2/13 上午 10:43:13,2019/2/18 上午 09:17:51
10490-05-01-2,臺中市各類短期補習班家數統計,1049005a003,各類短期補習班家數統計-家數(單位:家),2018/1/1 上午 12:00:00,010000066000060,臺中市西屯區,Y,年,230560000212,其他類,0,,0,,0,,0,,0,,8,,387040000E,教育局,2019/2/13 上午 10:43:13,2019/2/18 上午 09:17:51
10490-05-01-2,臺中市各類短期補習班家數統計,1049005a003,各類短期補習班家數統計-家數(單位:家),2018/1/1 上午 12:00:00,010000066000070,臺中市南屯區,Y,年,230560000101,文理類,0,,0,,0,,0,,0,,149,,387040000E,教育局,2019/2/13 上午 10:43:13,2019/2/18 上午 09:17:51
10490-05-01-2,臺中市各類短期補習班家數統計,1049005a003,各類短期補習班家數統計-家數(單位:家),2018/1/1 上午 12:00:00,010000066000070,臺中市南屯區,Y,年,230560000102,外語類,0,,0,,0,,0,,0,,65,,387040000E,教育局,2019/2/13 上午 10:43:13,2019/2/18 上午 09:17:51
10490-05-01-2,臺中市各類短期補習班家數統計,1049005a003,各類短期補習班家數統計-家數(單位:家),2018/1/1 上午 12:00:00,010000066000070,臺中市南屯區,Y,年,230560000103,法政類,0,,0,,0,,0,,0,,0,,387040000E,教育局,2019/2/13 上午 10:43:13,2019/2/18 上午 09:17:51
10490-05-01-2,臺中市各類短期補習班家數統計,1049005a003,各類短期補習班家數統計-家數(單位:家),2018/1/1 上午 12:00:00,010000066000070,臺中市南屯區,Y,年,230560000201,電機、汽車 修護、建築、工藝、製圖類,0,,0,,0,,0,,0,,0,,387040000E,教育局,2019/2/13 上午 10:43:13,2019/2/18 上午 09:17:51
10490-05-01-2,臺中市各類短期補習班家數統計,1049005a003,各類短期補習班家數統計-家數(單位:家),2018/1/1 上午 12:00:00,010000066000070,臺中市南屯區,Y,年,230560000202,資訊類,0,,0,,0,,0,,0,,3,,387040000E,教育局,2019/2/13 上午 10:43:13,2019/2/18 上午 09:17:51
10490-05-01-2,臺中市各類短期補習班家數統計,1049005a003,各類短期補習班家數統計-家數(單位:家),2018/1/1 上午 12:00:00,010000066000070,臺中市南屯區,Y,年,230560000203,家政、插花、烹飪類,0,,0,,0,,0,,0,,0,,387040000E,教育局,2019/2/13 上午 10:43:13,2019/2/18 上午 09:17:51
10490-05-01-2,臺中市各類短期補習班家數統計,1049005a003,各類短期補習班家數統計-家數(單位:家),2018/1/1 上午 12:00:00,010000066000070,臺中市南屯區,Y,年,230560000204,縫紉類,0,,0,,0,,0,,0,,0,,387040000E,教育局,2019/2/13 上午 10:43:13,2019/2/18 上午 09:17:51
10490-05-01-2,臺中市各類短期補習班家數統計,1049005a003,各類短期補習班家數統計-家數(單位:家),2018/1/1 上午 12:00:00,010000066000070,臺中市南屯區,Y,年,230560000205,美容、美髮理髮類,0,,0,,0,,0,,0,,0,,387040000E,教育局,2019/2/13 上午 10:43:13,2019/2/18 上午 09:17:51
10490-05-01-2,臺中市各類短期補習班家數統計,1049005a003,各類短期補習班家數統計-家數(單位:家),2018/1/1 上午 12:00:00,010000066000070,臺中市南屯區,Y,年,230560000206,音樂、舞蹈類,0,,0,,0,,0,,0,,24,,387040000E,教育局,2019/2/13 上午 10:43:13,2019/2/18 上午 09:17:51
10490-05-01-2,臺中市各類短期補習班家數統計,1049005a003,各類短期補習班家數統計-家數(單位:家),2018/1/1 上午 12:00:00,010000066000070,臺中市南屯區,Y,年,230560000207,美術、書法、攝影、美工設計、圍棋類,0,,0,,0,,0,,0,,12,,387040000E,教育局,2019/2/13 上午 10:43:13,2019/2/18 上午 09:17:51
10490-05-01-2,臺中市各類短期補習班家數統計,1049005a003,各類短期補習班家數統計-家數(單位:家),2018/1/1 上午 12:00:00,010000066000070,臺中市南屯區,Y,年,230560000208,商類:珠算、心算、會計,0,,0,,0,,0,,0,,4,,387040000E,教育局,2019/2/13 上午 10:43:13,2019/2/18 上午 09:17:51
10490-05-01-2,臺中市各類短期補習班家數統計,1049005a003,各類短期補習班家數統計-家數(單位:家),2018/1/1 上午 12:00:00,010000066000070,臺中市南屯區,Y,年,230560000209,瑜珈類,0,,0,,0,,0,,0,,1,,387040000E,教育局,2019/2/13 上午 10:43:13,2019/2/18 上午 09:17:51
10490-05-01-2,臺中市各類短期補習班家數統計,1049005a003,各類短期補習班家數統計-家數(單位:家),2018/1/1 上午 12:00:00,010000066000070,臺中市南屯區,Y,年,230560000210,速讀類,0,,0,,0,,0,,0,,0,,387040000E,教育局,2019/2/13 上午 10:43:14,2019/2/18 上午 09:17:51
10490-05-01-2,臺中市各類短期補習班家數統計,1049005a003,各類短期補習班家數統計-家數(單位:家),2018/1/1 上午 12:00:00,010000066000070,臺中市南屯區,Y,年,230560000212,其他類,0,,0,,0,,0,,0,,5,,387040000E,教育局,2019/2/13 上午 10:43:14,2019/2/18 上午 09:17:51
10490-05-01-2,臺中市各類短期補習班家數統計,1049005a003,各類短期補習班家數統計-家數(單位:家),2018/1/1 上午 12:00:00,010000066000270,臺中市太平區,Y,年,230560000101,文理類,0,,0,,0,,0,,0,,114,,387040000E,教育局,2019/2/13 上午 10:43:14,2019/2/18 上午 09:17:51
10490-05-01-2,臺中市各類短期補習班家數統計,1049005a003,各類短期補習班家數統計-家數(單位:家),2018/1/1 上午 12:00:00,010000066000270,臺中市太平區,Y,年,230560000102,外語類,0,,0,,0,,0,,0,,35,,387040000E,教育局,2019/2/13 上午 10:43:14,2019/2/18 上午 09:17:51
10490-05-01-2,臺中市各類短期補習班家數統計,1049005a003,各類短期補習班家數統計-家數(單位:家),2018/1/1 上午 12:00:00,010000066000270,臺中市太平區,Y,年,230560000103,法政類,0,,0,,0,,0,,0,,0,,387040000E,教育局,2019/2/13 上午 10:43:14,2019/2/18 上午 09:17:51
10490-05-01-2,臺中市各類短期補習班家數統計,1049005a003,各類短期補習班家數統計-家數(單位:家),2018/1/1 上午 12:00:00,010000066000270,臺中市太平區,Y,年,230560000201,電機、汽車 修護、建築、工藝、製圖類,0,,0,,0,,0,,0,,0,,387040000E,教育局,2019/2/13 上午 10:43:14,2019/2/18 上午 09:17:51
10490-05-01-2,臺中市各類短期補習班家數統計,1049005a003,各類短期補習班家數統計-家數(單位:家),2018/1/1 上午 12:00:00,010000066000270,臺中市太平區,Y,年,230560000202,資訊類,0,,0,,0,,0,,0,,3,,387040000E,教育局,2019/2/13 上午 10:43:14,2019/2/18 上午 09:17:51
10490-05-01-2,臺中市各類短期補習班家數統計,1049005a003,各類短期補習班家數統計-家數(單位:家),2018/1/1 上午 12:00:00,010000066000270,臺中市太平區,Y,年,230560000203,家政、插花、烹飪類,0,,0,,0,,0,,0,,0,,387040000E,教育局,2019/2/13 上午 10:43:14,2019/2/18 上午 09:17:51
10490-05-01-2,臺中市各類短期補習班家數統計,1049005a003,各類短期補習班家數統計-家數(單位:家),2018/1/1 上午 12:00:00,010000066000270,臺中市太平區,Y,年,230560000204,縫紉類,0,,0,,0,,0,,0,,0,,387040000E,教育局,2019/2/13 上午 10:43:14,2019/2/18 上午 09:17:51
10490-05-01-2,臺中市各類短期補習班家數統計,1049005a003,各類短期補習班家數統計-家數(單位:家),2018/1/1 上午 12:00:00,010000066000270,臺中市太平區,Y,年,230560000205,美容、美髮理髮類,0,,0,,0,,0,,0,,0,,387040000E,教育局,2019/2/13 上午 10:43:14,2019/2/18 上午 09:17:51
10490-05-01-2,臺中市各類短期補習班家數統計,1049005a003,各類短期補習班家數統計-家數(單位:家),2018/1/1 上午 12:00:00,010000066000270,臺中市太平區,Y,年,230560000206,音樂、舞蹈類,0,,0,,0,,0,,0,,6,,387040000E,教育局,2019/2/13 上午 10:43:14,2019/2/18 上午 09:17:51
10490-05-01-2,臺中市各類短期補習班家數統計,1049005a003,各類短期補習班家數統計-家數(單位:家),2018/1/1 上午 12:00:00,010000066000270,臺中市太平區,Y,年,230560000207,美術、書法、攝影、美工設計、圍棋類,0,,0,,0,,0,,0,,2,,387040000E,教育局,2019/2/13 上午 10:43:14,2019/2/18 上午 09:17:51
10490-05-01-2,臺中市各類短期補習班家數統計,1049005a003,各類短期補習班家數統計-家數(單位:家),2018/1/1 上午 12:00:00,010000066000270,臺中市太平區,Y,年,230560000208,商類:珠算、心算、會計,0,,0,,0,,0,,0,,5,,387040000E,教育局,2019/2/13 上午 10:43:14,2019/2/18 上午 09:17:51
10490-05-01-2,臺中市各類短期補習班家數統計,1049005a003,各類短期補習班家數統計-家數(單位:家),2018/1/1 上午 12:00:00,010000066000270,臺中市太平區,Y,年,230560000209,瑜珈類,0,,0,,0,,0,,0,,0,,387040000E,教育局,2019/2/13 上午 10:43:14,2019/2/18 上午 09:17:51
10490-05-01-2,臺中市各類短期補習班家數統計,1049005a003,各類短期補習班家數統計-家數(單位:家),2018/1/1 上午 12:00:00,010000066000270,臺中市太平區,Y,年,230560000210,速讀類,0,,0,,0,,0,,0,,0,,387040000E,教育局,2019/2/13 上午 10:43:14,2019/2/18 上午 09:17:51
10490-05-01-2,臺中市各類短期補習班家數統計,1049005a003,各類短期補習班家數統計-家數(單位:家),2018/1/1 上午 12:00:00,010000066000270,臺中市太平區,Y,年,230560000212,其他類,0,,0,,0,,0,,0,,0,,387040000E,教育局,2019/2/13 上午 10:43:14,2019/2/18 上午 09:17:51
10490-05-01-2,臺中市各類短期補習班家數統計,1049005a003,各類短期補習班家數統計-家數(單位:家),2018/1/1 上午 12:00:00,010000066000280,臺中市大里區,Y,年,230560000101,文理類,0,,0,,0,,0,,0,,165,,387040000E,教育局,2019/2/13 上午 10:43:14,2019/2/18 上午 09:17:51
10490-05-01-2,臺中市各類短期補習班家數統計,1049005a003,各類短期補習班家數統計-家數(單位:家),2018/1/1 上午 12:00:00,010000066000280,臺中市大里區,Y,年,230560000102,外語類,0,,0,,0,,0,,0,,48,,387040000E,教育局,2019/2/13 上午 10:43:14,2019/2/18 上午 09:17:51
10490-05-01-2,臺中市各類短期補習班家數統計,1049005a003,各類短期補習班家數統計-家數(單位:家),2018/1/1 上午 12:00:00,010000066000280,臺中市大里區,Y,年,230560000103,法政類,0,,0,,0,,0,,0,,0,,387040000E,教育局,2019/2/13 上午 10:43:14,2019/2/18 上午 09:17:51
10490-05-01-2,臺中市各類短期補習班家數統計,1049005a003,各類短期補習班家數統計-家數(單位:家),2018/1/1 上午 12:00:00,010000066000280,臺中市大里區,Y,年,230560000201,電機、汽車 修護、建築、工藝、製圖類,0,,0,,0,,0,,0,,0,,387040000E,教育局,2019/2/13 上午 10:43:14,2019/2/18 上午 09:17:51
10490-05-01-2,臺中市各類短期補習班家數統計,1049005a003,各類短期補習班家數統計-家數(單位:家),2018/1/1 上午 12:00:00,010000066000280,臺中市大里區,Y,年,230560000202,資訊類,0,,0,,0,,0,,0,,3,,387040000E,教育局,2019/2/13 上午 10:43:14,2019/2/18 上午 09:17:51
10490-05-01-2,臺中市各類短期補習班家數統計,1049005a003,各類短期補習班家數統計-家數(單位:家),2018/1/1 上午 12:00:00,010000066000280,臺中市大里區,Y,年,230560000203,家政、插花、烹飪類,0,,0,,0,,0,,0,,0,,387040000E,教育局,2019/2/13 上午 10:43:14,2019/2/18 上午 09:17:51
10490-05-01-2,臺中市各類短期補習班家數統計,1049005a003,各類短期補習班家數統計-家數(單位:家),2018/1/1 上午 12:00:00,010000066000280,臺中市大里區,Y,年,230560000204,縫紉類,0,,0,,0,,0,,0,,0,,387040000E,教育局,2019/2/13 上午 10:43:14,2019/2/18 上午 09:17:51
10490-05-01-2,臺中市各類短期補習班家數統計,1049005a003,各類短期補習班家數統計-家數(單位:家),2018/1/1 上午 12:00:00,010000066000280,臺中市大里區,Y,年,230560000205,美容、美髮理髮類,0,,0,,0,,0,,0,,0,,387040000E,教育局,2019/2/13 上午 10:43:14,2019/2/18 上午 09:17:51
10490-05-01-2,臺中市各類短期補習班家數統計,1049005a003,各類短期補習班家數統計-家數(單位:家),2018/1/1 上午 12:00:00,010000066000280,臺中市大里區,Y,年,230560000206,音樂、舞蹈類,0,,0,,0,,0,,0,,20,,387040000E,教育局,2019/2/13 上午 10:43:14,2019/2/18 上午 09:17:51
10490-05-01-2,臺中市各類短期補習班家數統計,1049005a003,各類短期補習班家數統計-家數(單位:家),2018/1/1 上午 12:00:00,010000066000280,臺中市大里區,Y,年,230560000207,美術、書法、攝影、美工設計、圍棋類,0,,0,,0,,0,,0,,2,,387040000E,教育局,2019/2/13 上午 10:43:14,2019/2/18 上午 09:17:51
10490-05-01-2,臺中市各類短期補習班家數統計,1049005a003,各類短期補習班家數統計-家數(單位:家),2018/1/1 上午 12:00:00,010000066000280,臺中市大里區,Y,年,230560000208,商類:珠算、心算、會計,0,,0,,0,,0,,0,,10,,387040000E,教育局,2019/2/13 上午 10:43:14,2019/2/18 上午 09:17:51
10490-05-01-2,臺中市各類短期補習班家數統計,1049005a003,各類短期補習班家數統計-家數(單位:家),2018/1/1 上午 12:00:00,010000066000280,臺中市大里區,Y,年,230560000209,瑜珈類,0,,0,,0,,0,,0,,1,,387040000E,教育局,2019/2/13 上午 10:43:14,2019/2/18 上午 09:17:51
10490-05-01-2,臺中市各類短期補習班家數統計,1049005a003,各類短期補習班家數統計-家數(單位:家),2018/1/1 上午 12:00:00,010000066000280,臺中市大里區,Y,年,230560000210,速讀類,0,,0,,0,,0,,0,,0,,387040000E,教育局,2019/2/13 上午 10:43:14,2019/2/18 上午 09:17:51
10490-05-01-2,臺中市各類短期補習班家數統計,1049005a003,各類短期補習班家數統計-家數(單位:家),2018/1/1 上午 12:00:00,010000066000280,臺中市大里區,Y,年,230560000212,其他類,0,,0,,0,,0,,0,,1,,387040000E,教育局,2019/2/13 上午 10:43:14,2019/2/18 上午 09:17:51
10490-05-01-2,臺中市各類短期補習班家數統計,1049005a003,各類短期補習班家數統計-家數(單位:家),2018/1/1 上午 12:00:00,010000066000260,臺中市霧峰區,Y,年,230560000101,文理類,0,,0,,0,,0,,0,,34,,387040000E,教育局,2019/2/13 上午 10:43:14,2019/2/18 上午 09:17:51
10490-05-01-2,臺中市各類短期補習班家數統計,1049005a003,各類短期補習班家數統計-家數(單位:家),2018/1/1 上午 12:00:00,010000066000260,臺中市霧峰區,Y,年,230560000102,外語類,0,,0,,0,,0,,0,,6,,387040000E,教育局,2019/2/13 上午 10:43:14,2019/2/18 上午 09:17:51
10490-05-01-2,臺中市各類短期補習班家數統計,1049005a003,各類短期補習班家數統計-家數(單位:家),2018/1/1 上午 12:00:00,010000066000260,臺中市霧峰區,Y,年,230560000103,法政類,0,,0,,0,,0,,0,,1,,387040000E,教育局,2019/2/13 上午 10:43:14,2019/2/18 上午 09:17:51
10490-05-01-2,臺中市各類短期補習班家數統計,1049005a003,各類短期補習班家數統計-家數(單位:家),2018/1/1 上午 12:00:00,010000066000260,臺中市霧峰區,Y,年,230560000201,電機、汽車 修護、建築、工藝、製圖類,0,,0,,0,,0,,0,,0,,387040000E,教育局,2019/2/13 上午 10:43:14,2019/2/18 上午 09:17:51
10490-05-01-2,臺中市各類短期補習班家數統計,1049005a003,各類短期補習班家數統計-家數(單位:家),2018/1/1 上午 12:00:00,010000066000260,臺中市霧峰區,Y,年,230560000202,資訊類,0,,0,,0,,0,,0,,0,,387040000E,教育局,2019/2/13 上午 10:43:14,2019/2/18 上午 09:17:51
10490-05-01-2,臺中市各類短期補習班家數統計,1049005a003,各類短期補習班家數統計-家數(單位:家),2018/1/1 上午 12:00:00,010000066000260,臺中市霧峰區,Y,年,230560000203,家政、插花、烹飪類,0,,0,,0,,0,,0,,1,,387040000E,教育局,2019/2/13 上午 10:43:14,2019/2/18 上午 09:17:51
10490-05-01-2,臺中市各類短期補習班家數統計,1049005a003,各類短期補習班家數統計-家數(單位:家),2018/1/1 上午 12:00:00,010000066000260,臺中市霧峰區,Y,年,230560000204,縫紉類,0,,0,,0,,0,,0,,0,,387040000E,教育局,2019/2/13 上午 10:43:14,2019/2/18 上午 09:17:51
10490-05-01-2,臺中市各類短期補習班家數統計,1049005a003,各類短期補習班家數統計-家數(單位:家),2018/1/1 上午 12:00:00,010000066000260,臺中市霧峰區,Y,年,230560000205,美容、美髮理髮類,0,,0,,0,,0,,0,,0,,387040000E,教育局,2019/2/13 上午 10:43:14,2019/2/18 上午 09:17:51
10490-05-01-2,臺中市各類短期補習班家數統計,1049005a003,各類短期補習班家數統計-家數(單位:家),2018/1/1 上午 12:00:00,010000066000260,臺中市霧峰區,Y,年,230560000206,音樂、舞蹈類,0,,0,,0,,0,,0,,4,,387040000E,教育局,2019/2/13 上午 10:43:14,2019/2/18 上午 09:17:51
10490-05-01-2,臺中市各類短期補習班家數統計,1049005a003,各類短期補習班家數統計-家數(單位:家),2018/1/1 上午 12:00:00,010000066000260,臺中市霧峰區,Y,年,230560000207,美術、書法、攝影、美工設計、圍棋類,0,,0,,0,,0,,0,,0,,387040000E,教育局,2019/2/13 上午 10:43:14,2019/2/18 上午 09:17:51
10490-05-01-2,臺中市各類短期補習班家數統計,1049005a003,各類短期補習班家數統計-家數(單位:家),2018/1/1 上午 12:00:00,010000066000260,臺中市霧峰區,Y,年,230560000208,商類:珠算、心算、會計,0,,0,,0,,0,,0,,3,,387040000E,教育局,2019/2/13 上午 10:43:14,2019/2/18 上午 09:17:51
10490-05-01-2,臺中市各類短期補習班家數統計,1049005a003,各類短期補習班家數統計-家數(單位:家),2018/1/1 上午 12:00:00,010000066000260,臺中市霧峰區,Y,年,230560000209,瑜珈類,0,,0,,0,,0,,0,,0,,387040000E,教育局,2019/2/13 上午 10:43:14,2019/2/18 上午 09:17:51
10490-05-01-2,臺中市各類短期補習班家數統計,1049005a003,各類短期補習班家數統計-家數(單位:家),2018/1/1 上午 12:00:00,010000066000260,臺中市霧峰區,Y,年,230560000210,速讀類,0,,0,,0,,0,,0,,0,,387040000E,教育局,2019/2/13 上午 10:43:14,2019/2/18 上午 09:17:51
10490-05-01-2,臺中市各類短期補習班家數統計,1049005a003,各類短期補習班家數統計-家數(單位:家),2018/1/1 上午 12:00:00,010000066000260,臺中市霧峰區,Y,年,230560000212,其他類,0,,0,,0,,0,,0,,0,,387040000E,教育局,2019/2/13 上午 10:43:14,2019/2/18 上午 09:17:51
10490-05-01-2,臺中市各類短期補習班家數統計,1049005a003,各類短期補習班家數統計-家數(單位:家),2018/1/1 上午 12:00:00,010000066000230,臺中市烏日區,Y,年,230560000101,文理類,0,,0,,0,,0,,0,,38,,387040000E,教育局,2019/2/13 上午 10:43:14,2019/2/18 上午 09:17:51
10490-05-01-2,臺中市各類短期補習班家數統計,1049005a003,各類短期補習班家數統計-家數(單位:家),2018/1/1 上午 12:00:00,010000066000230,臺中市烏日區,Y,年,230560000102,外語類,0,,0,,0,,0,,0,,12,,387040000E,教育局,2019/2/13 上午 10:43:14,2019/2/18 上午 09:17:51
10490-05-01-2,臺中市各類短期補習班家數統計,1049005a003,各類短期補習班家數統計-家數(單位:家),2018/1/1 上午 12:00:00,010000066000230,臺中市烏日區,Y,年,230560000103,法政類,0,,0,,0,,0,,0,,0,,387040000E,教育局,2019/2/13 上午 10:43:14,2019/2/18 上午 09:17:51
10490-05-01-2,臺中市各類短期補習班家數統計,1049005a003,各類短期補習班家數統計-家數(單位:家),2018/1/1 上午 12:00:00,010000066000230,臺中市烏日區,Y,年,230560000201,電機、汽車 修護、建築、工藝、製圖類,0,,0,,0,,0,,0,,0,,387040000E,教育局,2019/2/13 上午 10:43:14,2019/2/18 上午 09:17:51
10490-05-01-2,臺中市各類短期補習班家數統計,1049005a003,各類短期補習班家數統計-家數(單位:家),2018/1/1 上午 12:00:00,010000066000230,臺中市烏日區,Y,年,230560000202,資訊類,0,,0,,0,,0,,0,,0,,387040000E,教育局,2019/2/13 上午 10:43:14,2019/2/18 上午 09:17:51
10490-05-01-2,臺中市各類短期補習班家數統計,1049005a003,各類短期補習班家數統計-家數(單位:家),2018/1/1 上午 12:00:00,010000066000230,臺中市烏日區,Y,年,230560000203,家政、插花、烹飪類,0,,0,,0,,0,,0,,0,,387040000E,教育局,2019/2/13 上午 10:43:14,2019/2/18 上午 09:17:51
10490-05-01-2,臺中市各類短期補習班家數統計,1049005a003,各類短期補習班家數統計-家數(單位:家),2018/1/1 上午 12:00:00,010000066000230,臺中市烏日區,Y,年,230560000204,縫紉類,0,,0,,0,,0,,0,,0,,387040000E,教育局,2019/2/13 上午 10:43:14,2019/2/18 上午 09:17:51
10490-05-01-2,臺中市各類短期補習班家數統計,1049005a003,各類短期補習班家數統計-家數(單位:家),2018/1/1 上午 12:00:00,010000066000230,臺中市烏日區,Y,年,230560000205,美容、美髮理髮類,0,,0,,0,,0,,0,,0,,387040000E,教育局,2019/2/13 上午 10:43:14,2019/2/18 上午 09:17:51
10490-05-01-2,臺中市各類短期補習班家數統計,1049005a003,各類短期補習班家數統計-家數(單位:家),2018/1/1 上午 12:00:00,010000066000230,臺中市烏日區,Y,年,230560000206,音樂、舞蹈類,0,,0,,0,,0,,0,,2,,387040000E,教育局,2019/2/13 上午 10:43:14,2019/2/18 上午 09:17:51
10490-05-01-2,臺中市各類短期補習班家數統計,1049005a003,各類短期補習班家數統計-家數(單位:家),2018/1/1 上午 12:00:00,010000066000230,臺中市烏日區,Y,年,230560000207,美術、書法、攝影、美工設計、圍棋類,0,,0,,0,,0,,0,,3,,387040000E,教育局,2019/2/13 上午 10:43:14,2019/2/18 上午 09:17:51
10490-05-01-2,臺中市各類短期補習班家數統計,1049005a003,各類短期補習班家數統計-家數(單位:家),2018/1/1 上午 12:00:00,010000066000230,臺中市烏日區,Y,年,230560000208,商類:珠算、心算、會計,0,,0,,0,,0,,0,,5,,387040000E,教育局,2019/2/13 上午 10:43:14,2019/2/18 上午 09:17:51
10490-05-01-2,臺中市各類短期補習班家數統計,1049005a003,各類短期補習班家數統計-家數(單位:家),2018/1/1 上午 12:00:00,010000066000230,臺中市烏日區,Y,年,230560000209,瑜珈類,0,,0,,0,,0,,0,,0,,387040000E,教育局,2019/2/13 上午 10:43:14,2019/2/18 上午 09:17:51
10490-05-01-2,臺中市各類短期補習班家數統計,1049005a003,各類短期補習班家數統計-家數(單位:家),2018/1/1 上午 12:00:00,010000066000230,臺中市烏日區,Y,年,230560000210,速讀類,0,,0,,0,,0,,0,,0,,387040000E,教育局,2019/2/13 上午 10:43:14,2019/2/18 上午 09:17:51
10490-05-01-2,臺中市各類短期補習班家數統計,1049005a003,各類短期補習班家數統計-家數(單位:家),2018/1/1 上午 12:00:00,010000066000230,臺中市烏日區,Y,年,230560000212,其他類,0,,0,,0,,0,,0,,0,,387040000E,教育局,2019/2/13 上午 10:43:14,2019/2/18 上午 09:17:51
10490-05-01-2,臺中市各類短期補習班家數統計,1049005a003,各類短期補習班家數統計-家數(單位:家),2018/1/1 上午 12:00:00,010000066000090,臺中市豐原區,Y,年,230560000101,文理類,0,,0,,0,,0,,0,,147,,387040000E,教育局,2019/2/13 上午 10:43:14,2019/2/18 上午 09:17:51
10490-05-01-2,臺中市各類短期補習班家數統計,1049005a003,各類短期補習班家數統計-家數(單位:家),2018/1/1 上午 12:00:00,010000066000090,臺中市豐原區,Y,年,230560000102,外語類,0,,0,,0,,0,,0,,49,,387040000E,教育局,2019/2/13 上午 10:43:14,2019/2/18 上午 09:17:51
10490-05-01-2,臺中市各類短期補習班家數統計,1049005a003,各類短期補習班家數統計-家數(單位:家),2018/1/1 上午 12:00:00,010000066000090,臺中市豐原區,Y,年,230560000103,法政類,0,,0,,0,,0,,0,,1,,387040000E,教育局,2019/2/13 上午 10:43:14,2019/2/18 上午 09:17:51
10490-05-01-2,臺中市各類短期補習班家數統計,1049005a003,各類短期補習班家數統計-家數(單位:家),2018/1/1 上午 12:00:00,010000066000090,臺中市豐原區,Y,年,230560000201,電機、汽車 修護、建築、工藝、製圖類,0,,0,,0,,0,,0,,0,,387040000E,教育局,2019/2/13 上午 10:43:14,2019/2/18 上午 09:17:51
10490-05-01-2,臺中市各類短期補習班家數統計,1049005a003,各類短期補習班家數統計-家數(單位:家),2018/1/1 上午 12:00:00,010000066000090,臺中市豐原區,Y,年,230560000202,資訊類,0,,0,,0,,0,,0,,3,,387040000E,教育局,2019/2/13 上午 10:43:14,2019/2/18 上午 09:17:51
10490-05-01-2,臺中市各類短期補習班家數統計,1049005a003,各類短期補習班家數統計-家數(單位:家),2018/1/1 上午 12:00:00,010000066000090,臺中市豐原區,Y,年,230560000203,家政、插花、烹飪類,0,,0,,0,,0,,0,,0,,387040000E,教育局,2019/2/13 上午 10:43:14,2019/2/18 上午 09:17:51
10490-05-01-2,臺中市各類短期補習班家數統計,1049005a003,各類短期補習班家數統計-家數(單位:家),2018/1/1 上午 12:00:00,010000066000090,臺中市豐原區,Y,年,230560000204,縫紉類,0,,0,,0,,0,,0,,0,,387040000E,教育局,2019/2/13 上午 10:43:14,2019/2/18 上午 09:17:51
10490-05-01-2,臺中市各類短期補習班家數統計,1049005a003,各類短期補習班家數統計-家數(單位:家),2018/1/1 上午 12:00:00,010000066000090,臺中市豐原區,Y,年,230560000205,美容、美髮理髮類,0,,0,,0,,0,,0,,4,,387040000E,教育局,2019/2/13 上午 10:43:14,2019/2/18 上午 09:17:51
10490-05-01-2,臺中市各類短期補習班家數統計,1049005a003,各類短期補習班家數統計-家數(單位:家),2018/1/1 上午 12:00:00,010000066000090,臺中市豐原區,Y,年,230560000206,音樂、舞蹈類,0,,0,,0,,0,,0,,11,,387040000E,教育局,2019/2/13 上午 10:43:14,2019/2/18 上午 09:17:51
10490-05-01-2,臺中市各類短期補習班家數統計,1049005a003,各類短期補習班家數統計-家數(單位:家),2018/1/1 上午 12:00:00,010000066000090,臺中市豐原區,Y,年,230560000207,美術、書法、攝影、美工設計、圍棋類,0,,0,,0,,0,,0,,4,,387040000E,教育局,2019/2/13 上午 10:43:14,2019/2/18 上午 09:17:51
10490-05-01-2,臺中市各類短期補習班家數統計,1049005a003,各類短期補習班家數統計-家數(單位:家),2018/1/1 上午 12:00:00,010000066000090,臺中市豐原區,Y,年,230560000208,商類:珠算、心算、會計,0,,0,,0,,0,,0,,9,,387040000E,教育局,2019/2/13 上午 10:43:14,2019/2/18 上午 09:17:51
10490-05-01-2,臺中市各類短期補習班家數統計,1049005a003,各類短期補習班家數統計-家數(單位:家),2018/1/1 上午 12:00:00,010000066000090,臺中市豐原區,Y,年,230560000209,瑜珈類,0,,0,,0,,0,,0,,1,,387040000E,教育局,2019/2/13 上午 10:43:14,2019/2/18 上午 09:17:51
10490-05-01-2,臺中市各類短期補習班家數統計,1049005a003,各類短期補習班家數統計-家數(單位:家),2018/1/1 上午 12:00:00,010000066000090,臺中市豐原區,Y,年,230560000210,速讀類,0,,0,,0,,0,,0,,0,,387040000E,教育局,2019/2/13 上午 10:43:14,2019/2/18 上午 09:17:51
10490-05-01-2,臺中市各類短期補習班家數統計,1049005a003,各類短期補習班家數統計-家數(單位:家),2018/1/1 上午 12:00:00,010000066000090,臺中市豐原區,Y,年,230560000212,其他類,0,,0,,0,,0,,0,,2,,387040000E,教育局,2019/2/13 上午 10:43:14,2019/2/18 上午 09:17:51
10490-05-01-2,臺中市各類短期補習班家數統計,1049005a003,各類短期補習班家數統計-家數(單位:家),2018/1/1 上午 12:00:00,010000066000150,臺中市后里區,Y,年,230560000101,文理類,0,,0,,0,,0,,0,,35,,387040000E,教育局,2019/2/13 上午 10:43:14,2019/2/18 上午 09:17:51
10490-05-01-2,臺中市各類短期補習班家數統計,1049005a003,各類短期補習班家數統計-家數(單位:家),2018/1/1 上午 12:00:00,010000066000150,臺中市后里區,Y,年,230560000102,外語類,0,,0,,0,,0,,0,,7,,387040000E,教育局,2019/2/13 上午 10:43:14,2019/2/18 上午 09:17:51
10490-05-01-2,臺中市各類短期補習班家數統計,1049005a003,各類短期補習班家數統計-家數(單位:家),2018/1/1 上午 12:00:00,010000066000150,臺中市后里區,Y,年,230560000103,法政類,0,,0,,0,,0,,0,,0,,387040000E,教育局,2019/2/13 上午 10:43:14,2019/2/18 上午 09:17:51
10490-05-01-2,臺中市各類短期補習班家數統計,1049005a003,各類短期補習班家數統計-家數(單位:家),2018/1/1 上午 12:00:00,010000066000150,臺中市后里區,Y,年,230560000201,電機、汽車 修護、建築、工藝、製圖類,0,,0,,0,,0,,0,,0,,387040000E,教育局,2019/2/13 上午 10:43:14,2019/2/18 上午 09:17:51
10490-05-01-2,臺中市各類短期補習班家數統計,1049005a003,各類短期補習班家數統計-家數(單位:家),2018/1/1 上午 12:00:00,010000066000150,臺中市后里區,Y,年,230560000202,資訊類,0,,0,,0,,0,,0,,0,,387040000E,教育局,2019/2/13 上午 10:43:14,2019/2/18 上午 09:17:51
10490-05-01-2,臺中市各類短期補習班家數統計,1049005a003,各類短期補習班家數統計-家數(單位:家),2018/1/1 上午 12:00:00,010000066000150,臺中市后里區,Y,年,230560000203,家政、插花、烹飪類,0,,0,,0,,0,,0,,0,,387040000E,教育局,2019/2/13 上午 10:43:14,2019/2/18 上午 09:17:51
10490-05-01-2,臺中市各類短期補習班家數統計,1049005a003,各類短期補習班家數統計-家數(單位:家),2018/1/1 上午 12:00:00,010000066000150,臺中市后里區,Y,年,230560000204,縫紉類,0,,0,,0,,0,,0,,0,,387040000E,教育局,2019/2/13 上午 10:43:14,2019/2/18 上午 09:17:51
10490-05-01-2,臺中市各類短期補習班家數統計,1049005a003,各類短期補習班家數統計-家數(單位:家),2018/1/1 上午 12:00:00,010000066000150,臺中市后里區,Y,年,230560000205,美容、美髮理髮類,0,,0,,0,,0,,0,,0,,387040000E,教育局,2019/2/13 上午 10:43:14,2019/2/18 上午 09:17:51
10490-05-01-2,臺中市各類短期補習班家數統計,1049005a003,各類短期補習班家數統計-家數(單位:家),2018/1/1 上午 12:00:00,010000066000150,臺中市后里區,Y,年,230560000206,音樂、舞蹈類,0,,0,,0,,0,,0,,5,,387040000E,教育局,2019/2/13 上午 10:43:14,2019/2/18 上午 09:17:51
10490-05-01-2,臺中市各類短期補習班家數統計,1049005a003,各類短期補習班家數統計-家數(單位:家),2018/1/1 上午 12:00:00,010000066000150,臺中市后里區,Y,年,230560000207,美術、書法、攝影、美工設計、圍棋類,0,,0,,0,,0,,0,,1,,387040000E,教育局,2019/2/13 上午 10:43:14,2019/2/18 上午 09:17:51
10490-05-01-2,臺中市各類短期補習班家數統計,1049005a003,各類短期補習班家數統計-家數(單位:家),2018/1/1 上午 12:00:00,010000066000150,臺中市后里區,Y,年,230560000208,商類:珠算、心算、會計,0,,0,,0,,0,,0,,3,,387040000E,教育局,2019/2/13 上午 10:43:14,2019/2/18 上午 09:17:51
10490-05-01-2,臺中市各類短期補習班家數統計,1049005a003,各類短期補習班家數統計-家數(單位:家),2018/1/1 上午 12:00:00,010000066000150,臺中市后里區,Y,年,230560000209,瑜珈類,0,,0,,0,,0,,0,,0,,387040000E,教育局,2019/2/13 上午 10:43:14,2019/2/18 上午 09:17:51
10490-05-01-2,臺中市各類短期補習班家數統計,1049005a003,各類短期補習班家數統計-家數(單位:家),2018/1/1 上午 12:00:00,010000066000150,臺中市后里區,Y,年,230560000210,速讀類,0,,0,,0,,0,,0,,0,,387040000E,教育局,2019/2/13 上午 10:43:14,2019/2/18 上午 09:17:51
10490-05-01-2,臺中市各類短期補習班家數統計,1049005a003,各類短期補習班家數統計-家數(單位:家),2018/1/1 上午 12:00:00,010000066000150,臺中市后里區,Y,年,230560000212,其他類,0,,0,,0,,0,,0,,0,,387040000E,教育局,2019/2/13 上午 10:43:14,2019/2/18 上午 09:17:51
10490-05-01-2,臺中市各類短期補習班家數統計,1049005a003,各類短期補習班家數統計-家數(單位:家),2018/1/1 上午 12:00:00,010000066000200,臺中市石岡區,Y,年,230560000101,文理類,0,,0,,0,,0,,0,,3,,387040000E,教育局,2019/2/13 上午 10:43:14,2019/2/18 上午 09:17:51
10490-05-01-2,臺中市各類短期補習班家數統計,1049005a003,各類短期補習班家數統計-家數(單位:家),2018/1/1 上午 12:00:00,010000066000200,臺中市石岡區,Y,年,230560000102,外語類,0,,0,,0,,0,,0,,0,,387040000E,教育局,2019/2/13 上午 10:43:14,2019/2/18 上午 09:17:52
10490-05-01-2,臺中市各類短期補習班家數統計,1049005a003,各類短期補習班家數統計-家數(單位:家),2018/1/1 上午 12:00:00,010000066000200,臺中市石岡區,Y,年,230560000103,法政類,0,,0,,0,,0,,0,,0,,387040000E,教育局,2019/2/13 上午 10:43:14,2019/2/18 上午 09:17:52
10490-05-01-2,臺中市各類短期補習班家數統計,1049005a003,各類短期補習班家數統計-家數(單位:家),2018/1/1 上午 12:00:00,010000066000200,臺中市石岡區,Y,年,230560000201,電機、汽車 修護、建築、工藝、製圖類,0,,0,,0,,0,,0,,0,,387040000E,教育局,2019/2/13 上午 10:43:14,2019/2/18 上午 09:17:52
10490-05-01-2,臺中市各類短期補習班家數統計,1049005a003,各類短期補習班家數統計-家數(單位:家),2018/1/1 上午 12:00:00,010000066000200,臺中市石岡區,Y,年,230560000202,資訊類,0,,0,,0,,0,,0,,0,,387040000E,教育局,2019/2/13 上午 10:43:14,2019/2/18 上午 09:17:52
10490-05-01-2,臺中市各類短期補習班家數統計,1049005a003,各類短期補習班家數統計-家數(單位:家),2018/1/1 上午 12:00:00,010000066000200,臺中市石岡區,Y,年,230560000203,家政、插花、烹飪類,0,,0,,0,,0,,0,,0,,387040000E,教育局,2019/2/13 上午 10:43:14,2019/2/18 上午 09:17:52
10490-05-01-2,臺中市各類短期補習班家數統計,1049005a003,各類短期補習班家數統計-家數(單位:家),2018/1/1 上午 12:00:00,010000066000200,臺中市石岡區,Y,年,230560000204,縫紉類,0,,0,,0,,0,,0,,0,,387040000E,教育局,2019/2/13 上午 10:43:14,2019/2/18 上午 09:17:52
10490-05-01-2,臺中市各類短期補習班家數統計,1049005a003,各類短期補習班家數統計-家數(單位:家),2018/1/1 上午 12:00:00,010000066000200,臺中市石岡區,Y,年,230560000205,美容、美髮理髮類,0,,0,,0,,0,,0,,0,,387040000E,教育局,2019/2/13 上午 10:43:14,2019/2/18 上午 09:17:52
10490-05-01-2,臺中市各類短期補習班家數統計,1049005a003,各類短期補習班家數統計-家數(單位:家),2018/1/1 上午 12:00:00,010000066000200,臺中市石岡區,Y,年,230560000206,音樂、舞蹈類,0,,0,,0,,0,,0,,0,,387040000E,教育局,2019/2/13 上午 10:43:14,2019/2/18 上午 09:17:52
10490-05-01-2,臺中市各類短期補習班家數統計,1049005a003,各類短期補習班家數統計-家數(單位:家),2018/1/1 上午 12:00:00,010000066000200,臺中市石岡區,Y,年,230560000207,美術、書法、攝影、美工設計、圍棋類,0,,0,,0,,0,,0,,0,,387040000E,教育局,2019/2/13 上午 10:43:14,2019/2/18 上午 09:17:52
10490-05-01-2,臺中市各類短期補習班家數統計,1049005a003,各類短期補習班家數統計-家數(單位:家),2018/1/1 上午 12:00:00,010000066000200,臺中市石岡區,Y,年,230560000208,商類:珠算、心算、會計,0,,0,,0,,0,,0,,1,,387040000E,教育局,2019/2/13 上午 10:43:14,2019/2/18 上午 09:17:52
10490-05-01-2,臺中市各類短期補習班家數統計,1049005a003,各類短期補習班家數統計-家數(單位:家),2018/1/1 上午 12:00:00,010000066000200,臺中市石岡區,Y,年,230560000209,瑜珈類,0,,0,,0,,0,,0,,0,,387040000E,教育局,2019/2/13 上午 10:43:14,2019/2/18 上午 09:17:52
10490-05-01-2,臺中市各類短期補習班家數統計,1049005a003,各類短期補習班家數統計-家數(單位:家),2018/1/1 上午 12:00:00,010000066000200,臺中市石岡區,Y,年,230560000210,速讀類,0,,0,,0,,0,,0,,0,,387040000E,教育局,2019/2/13 上午 10:43:14,2019/2/18 上午 09:17:52
10490-05-01-2,臺中市各類短期補習班家數統計,1049005a003,各類短期補習班家數統計-家數(單位:家),2018/1/1 上午 12:00:00,010000066000200,臺中市石岡區,Y,年,230560000212,其他類,0,,0,,0,,0,,0,,0,,387040000E,教育局,2019/2/13 上午 10:43:14,2019/2/18 上午 09:17:52
10490-05-01-2,臺中市各類短期補習班家數統計,1049005a003,各類短期補習班家數統計-家數(單位:家),2018/1/1 上午 12:00:00,010000066000100,臺中市東勢區,Y,年,230560000101,文理類,0,,0,,0,,0,,0,,14,,387040000E,教育局,2019/2/13 上午 10:43:14,2019/2/18 上午 09:17:52
10490-05-01-2,臺中市各類短期補習班家數統計,1049005a003,各類短期補習班家數統計-家數(單位:家),2018/1/1 上午 12:00:00,010000066000100,臺中市東勢區,Y,年,230560000102,外語類,0,,0,,0,,0,,0,,6,,387040000E,教育局,2019/2/13 上午 10:43:14,2019/2/18 上午 09:17:52
10490-05-01-2,臺中市各類短期補習班家數統計,1049005a003,各類短期補習班家數統計-家數(單位:家),2018/1/1 上午 12:00:00,010000066000100,臺中市東勢區,Y,年,230560000103,法政類,0,,0,,0,,0,,0,,1,,387040000E,教育局,2019/2/13 上午 10:43:14,2019/2/18 上午 09:17:52
10490-05-01-2,臺中市各類短期補習班家數統計,1049005a003,各類短期補習班家數統計-家數(單位:家),2018/1/1 上午 12:00:00,010000066000100,臺中市東勢區,Y,年,230560000201,電機、汽車 修護、建築、工藝、製圖類,0,,0,,0,,0,,0,,0,,387040000E,教育局,2019/2/13 上午 10:43:14,2019/2/18 上午 09:17:52
10490-05-01-2,臺中市各類短期補習班家數統計,1049005a003,各類短期補習班家數統計-家數(單位:家),2018/1/1 上午 12:00:00,010000066000100,臺中市東勢區,Y,年,230560000202,資訊類,0,,0,,0,,0,,0,,0,,387040000E,教育局,2019/2/13 上午 10:43:14,2019/2/18 上午 09:17:52
10490-05-01-2,臺中市各類短期補習班家數統計,1049005a003,各類短期補習班家數統計-家數(單位:家),2018/1/1 上午 12:00:00,010000066000100,臺中市東勢區,Y,年,230560000203,家政、插花、烹飪類,0,,0,,0,,0,,0,,0,,387040000E,教育局,2019/2/13 上午 10:43:14,2019/2/18 上午 09:17:52
10490-05-01-2,臺中市各類短期補習班家數統計,1049005a003,各類短期補習班家數統計-家數(單位:家),2018/1/1 上午 12:00:00,010000066000100,臺中市東勢區,Y,年,230560000204,縫紉類,0,,0,,0,,0,,0,,0,,387040000E,教育局,2019/2/13 上午 10:43:14,2019/2/18 上午 09:17:52
10490-05-01-2,臺中市各類短期補習班家數統計,1049005a003,各類短期補習班家數統計-家數(單位:家),2018/1/1 上午 12:00:00,010000066000100,臺中市東勢區,Y,年,230560000205,美容、美髮理髮類,0,,0,,0,,0,,0,,0,,387040000E,教育局,2019/2/13 上午 10:43:14,2019/2/18 上午 09:17:52
10490-05-01-2,臺中市各類短期補習班家數統計,1049005a003,各類短期補習班家數統計-家數(單位:家),2018/1/1 上午 12:00:00,010000066000100,臺中市東勢區,Y,年,230560000206,音樂、舞蹈類,0,,0,,0,,0,,0,,0,,387040000E,教育局,2019/2/13 上午 10:43:14,2019/2/18 上午 09:17:52
10490-05-01-2,臺中市各類短期補習班家數統計,1049005a003,各類短期補習班家數統計-家數(單位:家),2018/1/1 上午 12:00:00,010000066000100,臺中市東勢區,Y,年,230560000207,美術、書法、攝影、美工設計、圍棋類,0,,0,,0,,0,,0,,0,,387040000E,教育局,2019/2/13 上午 10:43:14,2019/2/18 上午 09:17:52
10490-05-01-2,臺中市各類短期補習班家數統計,1049005a003,各類短期補習班家數統計-家數(單位:家),2018/1/1 上午 12:00:00,010000066000100,臺中市東勢區,Y,年,230560000208,商類:珠算、心算、會計,0,,0,,0,,0,,0,,4,,387040000E,教育局,2019/2/13 上午 10:43:14,2019/2/18 上午 09:17:52
10490-05-01-2,臺中市各類短期補習班家數統計,1049005a003,各類短期補習班家數統計-家數(單位:家),2018/1/1 上午 12:00:00,010000066000100,臺中市東勢區,Y,年,230560000209,瑜珈類,0,,0,,0,,0,,0,,0,,387040000E,教育局,2019/2/13 上午 10:43:14,2019/2/18 上午 09:17:52
10490-05-01-2,臺中市各類短期補習班家數統計,1049005a003,各類短期補習班家數統計-家數(單位:家),2018/1/1 上午 12:00:00,010000066000100,臺中市東勢區,Y,年,230560000210,速讀類,0,,0,,0,,0,,0,,0,,387040000E,教育局,2019/2/13 上午 10:43:14,2019/2/18 上午 09:17:52
10490-05-01-2,臺中市各類短期補習班家數統計,1049005a003,各類短期補習班家數統計-家數(單位:家),2018/1/1 上午 12:00:00,010000066000100,臺中市東勢區,Y,年,230560000212,其他類,0,,0,,0,,0,,0,,0,,387040000E,教育局,2019/2/13 上午 10:43:14,2019/2/18 上午 09:17:52
10490-05-01-2,臺中市各類短期補習班家數統計,1049005a003,各類短期補習班家數統計-家數(單位:家),2018/1/1 上午 12:00:00,010000066000290,臺中市和平區,Y,年,230560000101,文理類,0,,0,,0,,0,,0,,0,,387040000E,教育局,2019/2/13 上午 10:43:14,2019/2/18 上午 09:17:52
10490-05-01-2,臺中市各類短期補習班家數統計,1049005a003,各類短期補習班家數統計-家數(單位:家),2018/1/1 上午 12:00:00,010000066000290,臺中市和平區,Y,年,230560000102,外語類,0,,0,,0,,0,,0,,0,,387040000E,教育局,2019/2/13 上午 10:43:14,2019/2/18 上午 09:17:52
10490-05-01-2,臺中市各類短期補習班家數統計,1049005a003,各類短期補習班家數統計-家數(單位:家),2018/1/1 上午 12:00:00,010000066000290,臺中市和平區,Y,年,230560000103,法政類,0,,0,,0,,0,,0,,0,,387040000E,教育局,2019/2/13 上午 10:43:14,2019/2/18 上午 09:17:52
10490-05-01-2,臺中市各類短期補習班家數統計,1049005a003,各類短期補習班家數統計-家數(單位:家),2018/1/1 上午 12:00:00,010000066000290,臺中市和平區,Y,年,230560000201,電機、汽車 修護、建築、工藝、製圖類,0,,0,,0,,0,,0,,0,,387040000E,教育局,2019/2/13 上午 10:43:14,2019/2/18 上午 09:17:52
10490-05-01-2,臺中市各類短期補習班家數統計,1049005a003,各類短期補習班家數統計-家數(單位:家),2018/1/1 上午 12:00:00,010000066000290,臺中市和平區,Y,年,230560000202,資訊類,0,,0,,0,,0,,0,,0,,387040000E,教育局,2019/2/13 上午 10:43:14,2019/2/18 上午 09:17:52
10490-05-01-2,臺中市各類短期補習班家數統計,1049005a003,各類短期補習班家數統計-家數(單位:家),2018/1/1 上午 12:00:00,010000066000290,臺中市和平區,Y,年,230560000203,家政、插花、烹飪類,0,,0,,0,,0,,0,,0,,387040000E,教育局,2019/2/13 上午 10:43:14,2019/2/18 上午 09:17:52
10490-05-01-2,臺中市各類短期補習班家數統計,1049005a003,各類短期補習班家數統計-家數(單位:家),2018/1/1 上午 12:00:00,010000066000290,臺中市和平區,Y,年,230560000204,縫紉類,0,,0,,0,,0,,0,,0,,387040000E,教育局,2019/2/13 上午 10:43:14,2019/2/18 上午 09:17:52
10490-05-01-2,臺中市各類短期補習班家數統計,1049005a003,各類短期補習班家數統計-家數(單位:家),2018/1/1 上午 12:00:00,010000066000290,臺中市和平區,Y,年,230560000205,美容、美髮理髮類,0,,0,,0,,0,,0,,0,,387040000E,教育局,2019/2/13 上午 10:43:14,2019/2/18 上午 09:17:52
10490-05-01-2,臺中市各類短期補習班家數統計,1049005a003,各類短期補習班家數統計-家數(單位:家),2018/1/1 上午 12:00:00,010000066000290,臺中市和平區,Y,年,230560000206,音樂、舞蹈類,0,,0,,0,,0,,0,,0,,387040000E,教育局,2019/2/13 上午 10:43:14,2019/2/18 上午 09:17:52
10490-05-01-2,臺中市各類短期補習班家數統計,1049005a003,各類短期補習班家數統計-家數(單位:家),2018/1/1 上午 12:00:00,010000066000290,臺中市和平區,Y,年,230560000207,美術、書法、攝影、美工設計、圍棋類,0,,0,,0,,0,,0,,0,,387040000E,教育局,2019/2/13 上午 10:43:14,2019/2/18 上午 09:17:52
10490-05-01-2,臺中市各類短期補習班家數統計,1049005a003,各類短期補習班家數統計-家數(單位:家),2018/1/1 上午 12:00:00,010000066000290,臺中市和平區,Y,年,230560000208,商類:珠算、心算、會計,0,,0,,0,,0,,0,,0,,387040000E,教育局,2019/2/13 上午 10:43:14,2019/2/18 上午 09:17:52
10490-05-01-2,臺中市各類短期補習班家數統計,1049005a003,各類短期補習班家數統計-家數(單位:家),2018/1/1 上午 12:00:00,010000066000290,臺中市和平區,Y,年,230560000209,瑜珈類,0,,0,,0,,0,,0,,0,,387040000E,教育局,2019/2/13 上午 10:43:14,2019/2/18 上午 09:17:52
10490-05-01-2,臺中市各類短期補習班家數統計,1049005a003,各類短期補習班家數統計-家數(單位:家),2018/1/1 上午 12:00:00,010000066000290,臺中市和平區,Y,年,230560000210,速讀類,0,,0,,0,,0,,0,,0,,387040000E,教育局,2019/2/13 上午 10:43:14,2019/2/18 上午 09:17:52
10490-05-01-2,臺中市各類短期補習班家數統計,1049005a003,各類短期補習班家數統計-家數(單位:家),2018/1/1 上午 12:00:00,010000066000290,臺中市和平區,Y,年,230560000212,其他類,0,,0,,0,,0,,0,,0,,387040000E,教育局,2019/2/13 上午 10:43:14,2019/2/18 上午 09:17:52
10490-05-01-2,臺中市各類短期補習班家數統計,1049005a003,各類短期補習班家數統計-家數(單位:家),2018/1/1 上午 12:00:00,010000066000190,臺中市新社區,Y,年,230560000101,文理類,0,,0,,0,,0,,0,,12,,387040000E,教育局,2019/2/13 上午 10:43:14,2019/2/18 上午 09:17:52
10490-05-01-2,臺中市各類短期補習班家數統計,1049005a003,各類短期補習班家數統計-家數(單位:家),2018/1/1 上午 12:00:00,010000066000190,臺中市新社區,Y,年,230560000102,外語類,0,,0,,0,,0,,0,,5,,387040000E,教育局,2019/2/13 上午 10:43:14,2019/2/18 上午 09:17:52
10490-05-01-2,臺中市各類短期補習班家數統計,1049005a003,各類短期補習班家數統計-家數(單位:家),2018/1/1 上午 12:00:00,010000066000190,臺中市新社區,Y,年,230560000103,法政類,0,,0,,0,,0,,0,,0,,387040000E,教育局,2019/2/13 上午 10:43:14,2019/2/18 上午 09:17:52
10490-05-01-2,臺中市各類短期補習班家數統計,1049005a003,各類短期補習班家數統計-家數(單位:家),2018/1/1 上午 12:00:00,010000066000190,臺中市新社區,Y,年,230560000201,電機、汽車 修護、建築、工藝、製圖類,0,,0,,0,,0,,0,,0,,387040000E,教育局,2019/2/13 上午 10:43:14,2019/2/18 上午 09:17:52
10490-05-01-2,臺中市各類短期補習班家數統計,1049005a003,各類短期補習班家數統計-家數(單位:家),2018/1/1 上午 12:00:00,010000066000190,臺中市新社區,Y,年,230560000202,資訊類,0,,0,,0,,0,,0,,0,,387040000E,教育局,2019/2/13 上午 10:43:14,2019/2/18 上午 09:17:52
10490-05-01-2,臺中市各類短期補習班家數統計,1049005a003,各類短期補習班家數統計-家數(單位:家),2018/1/1 上午 12:00:00,010000066000190,臺中市新社區,Y,年,230560000203,家政、插花、烹飪類,0,,0,,0,,0,,0,,0,,387040000E,教育局,2019/2/13 上午 10:43:14,2019/2/18 上午 09:17:52
10490-05-01-2,臺中市各類短期補習班家數統計,1049005a003,各類短期補習班家數統計-家數(單位:家),2018/1/1 上午 12:00:00,010000066000190,臺中市新社區,Y,年,230560000204,縫紉類,0,,0,,0,,0,,0,,0,,387040000E,教育局,2019/2/13 上午 10:43:14,2019/2/18 上午 09:17:52
10490-05-01-2,臺中市各類短期補習班家數統計,1049005a003,各類短期補習班家數統計-家數(單位:家),2018/1/1 上午 12:00:00,010000066000190,臺中市新社區,Y,年,230560000205,美容、美髮理髮類,0,,0,,0,,0,,0,,0,,387040000E,教育局,2019/2/13 上午 10:43:14,2019/2/18 上午 09:17:52
10490-05-01-2,臺中市各類短期補習班家數統計,1049005a003,各類短期補習班家數統計-家數(單位:家),2018/1/1 上午 12:00:00,010000066000190,臺中市新社區,Y,年,230560000206,音樂、舞蹈類,0,,0,,0,,0,,0,,0,,387040000E,教育局,2019/2/13 上午 10:43:14,2019/2/18 上午 09:17:52
10490-05-01-2,臺中市各類短期補習班家數統計,1049005a003,各類短期補習班家數統計-家數(單位:家),2018/1/1 上午 12:00:00,010000066000190,臺中市新社區,Y,年,230560000207,美術、書法、攝影、美工設計、圍棋類,0,,0,,0,,0,,0,,0,,387040000E,教育局,2019/2/13 上午 10:43:14,2019/2/18 上午 09:17:52
10490-05-01-2,臺中市各類短期補習班家數統計,1049005a003,各類短期補習班家數統計-家數(單位:家),2018/1/1 上午 12:00:00,010000066000190,臺中市新社區,Y,年,230560000208,商類:珠算、心算、會計,0,,0,,0,,0,,0,,0,,387040000E,教育局,2019/2/13 上午 10:43:14,2019/2/18 上午 09:17:52
10490-05-01-2,臺中市各類短期補習班家數統計,1049005a003,各類短期補習班家數統計-家數(單位:家),2018/1/1 上午 12:00:00,010000066000190,臺中市新社區,Y,年,230560000209,瑜珈類,0,,0,,0,,0,,0,,0,,387040000E,教育局,2019/2/13 上午 10:43:14,2019/2/18 上午 09:17:52
10490-05-01-2,臺中市各類短期補習班家數統計,1049005a003,各類短期補習班家數統計-家數(單位:家),2018/1/1 上午 12:00:00,010000066000190,臺中市新社區,Y,年,230560000210,速讀類,0,,0,,0,,0,,0,,0,,387040000E,教育局,2019/2/13 上午 10:43:14,2019/2/18 上午 09:17:52
10490-05-01-2,臺中市各類短期補習班家數統計,1049005a003,各類短期補習班家數統計-家數(單位:家),2018/1/1 上午 12:00:00,010000066000190,臺中市新社區,Y,年,230560000212,其他類,0,,0,,0,,0,,0,,0,,387040000E,教育局,2019/2/13 上午 10:43:14,2019/2/18 上午 09:17:52
10490-05-01-2,臺中市各類短期補習班家數統計,1049005a003,各類短期補習班家數統計-家數(單位:家),2018/1/1 上午 12:00:00,010000066000170,臺中市潭子區,Y,年,230560000101,文理類,0,,0,,0,,0,,0,,59,,387040000E,教育局,2019/2/13 上午 10:43:14,2019/2/18 上午 09:17:52
10490-05-01-2,臺中市各類短期補習班家數統計,1049005a003,各類短期補習班家數統計-家數(單位:家),2018/1/1 上午 12:00:00,010000066000170,臺中市潭子區,Y,年,230560000102,外語類,0,,0,,0,,0,,0,,22,,387040000E,教育局,2019/2/13 上午 10:43:14,2019/2/18 上午 09:17:52
10490-05-01-2,臺中市各類短期補習班家數統計,1049005a003,各類短期補習班家數統計-家數(單位:家),2018/1/1 上午 12:00:00,010000066000170,臺中市潭子區,Y,年,230560000103,法政類,0,,0,,0,,0,,0,,0,,387040000E,教育局,2019/2/13 上午 10:43:14,2019/2/18 上午 09:17:52
10490-05-01-2,臺中市各類短期補習班家數統計,1049005a003,各類短期補習班家數統計-家數(單位:家),2018/1/1 上午 12:00:00,010000066000170,臺中市潭子區,Y,年,230560000201,電機、汽車 修護、建築、工藝、製圖類,0,,0,,0,,0,,0,,0,,387040000E,教育局,2019/2/13 上午 10:43:14,2019/2/18 上午 09:17:52
10490-05-01-2,臺中市各類短期補習班家數統計,1049005a003,各類短期補習班家數統計-家數(單位:家),2018/1/1 上午 12:00:00,010000066000170,臺中市潭子區,Y,年,230560000202,資訊類,0,,0,,0,,0,,0,,1,,387040000E,教育局,2019/2/13 上午 10:43:14,2019/2/18 上午 09:17:52
10490-05-01-2,臺中市各類短期補習班家數統計,1049005a003,各類短期補習班家數統計-家數(單位:家),2018/1/1 上午 12:00:00,010000066000170,臺中市潭子區,Y,年,230560000203,家政、插花、烹飪類,0,,0,,0,,0,,0,,0,,387040000E,教育局,2019/2/13 上午 10:43:14,2019/2/18 上午 09:17:52
10490-05-01-2,臺中市各類短期補習班家數統計,1049005a003,各類短期補習班家數統計-家數(單位:家),2018/1/1 上午 12:00:00,010000066000170,臺中市潭子區,Y,年,230560000204,縫紉類,0,,0,,0,,0,,0,,0,,387040000E,教育局,2019/2/13 上午 10:43:14,2019/2/18 上午 09:17:52
10490-05-01-2,臺中市各類短期補習班家數統計,1049005a003,各類短期補習班家數統計-家數(單位:家),2018/1/1 上午 12:00:00,010000066000170,臺中市潭子區,Y,年,230560000205,美容、美髮理髮類,0,,0,,0,,0,,0,,0,,387040000E,教育局,2019/2/13 上午 10:43:14,2019/2/18 上午 09:17:52
10490-05-01-2,臺中市各類短期補習班家數統計,1049005a003,各類短期補習班家數統計-家數(單位:家),2018/1/1 上午 12:00:00,010000066000170,臺中市潭子區,Y,年,230560000206,音樂、舞蹈類,0,,0,,0,,0,,0,,5,,387040000E,教育局,2019/2/13 上午 10:43:14,2019/2/18 上午 09:17:52
10490-05-01-2,臺中市各類短期補習班家數統計,1049005a003,各類短期補習班家數統計-家數(單位:家),2018/1/1 上午 12:00:00,010000066000170,臺中市潭子區,Y,年,230560000207,美術、書法、攝影、美工設計、圍棋類,0,,0,,0,,0,,0,,2,,387040000E,教育局,2019/2/13 上午 10:43:14,2019/2/18 上午 09:17:52
10490-05-01-2,臺中市各類短期補習班家數統計,1049005a003,各類短期補習班家數統計-家數(單位:家),2018/1/1 上午 12:00:00,010000066000170,臺中市潭子區,Y,年,230560000208,商類:珠算、心算、會計,0,,0,,0,,0,,0,,2,,387040000E,教育局,2019/2/13 上午 10:43:14,2019/2/18 上午 09:17:52
10490-05-01-2,臺中市各類短期補習班家數統計,1049005a003,各類短期補習班家數統計-家數(單位:家),2018/1/1 上午 12:00:00,010000066000170,臺中市潭子區,Y,年,230560000209,瑜珈類,0,,0,,0,,0,,0,,0,,387040000E,教育局,2019/2/13 上午 10:43:14,2019/2/18 上午 09:17:52
10490-05-01-2,臺中市各類短期補習班家數統計,1049005a003,各類短期補習班家數統計-家數(單位:家),2018/1/1 上午 12:00:00,010000066000170,臺中市潭子區,Y,年,230560000210,速讀類,0,,0,,0,,0,,0,,0,,387040000E,教育局,2019/2/13 上午 10:43:14,2019/2/18 上午 09:17:52
10490-05-01-2,臺中市各類短期補習班家數統計,1049005a003,各類短期補習班家數統計-家數(單位:家),2018/1/1 上午 12:00:00,010000066000170,臺中市潭子區,Y,年,230560000212,其他類,0,,0,,0,,0,,0,,0,,387040000E,教育局,2019/2/13 上午 10:43:14,2019/2/18 上午 09:17:52
10490-05-01-2,臺中市各類短期補習班家數統計,1049005a003,各類短期補習班家數統計-家數(單位:家),2018/1/1 上午 12:00:00,010000066000180,臺中市大雅區,Y,年,230560000101,文理類,0,,0,,0,,0,,0,,64,,387040000E,教育局,2019/2/13 上午 10:43:14,2019/2/18 上午 09:17:52
10490-05-01-2,臺中市各類短期補習班家數統計,1049005a003,各類短期補習班家數統計-家數(單位:家),2018/1/1 上午 12:00:00,010000066000180,臺中市大雅區,Y,年,230560000102,外語類,0,,0,,0,,0,,0,,14,,387040000E,教育局,2019/2/13 上午 10:43:14,2019/2/18 上午 09:17:52
10490-05-01-2,臺中市各類短期補習班家數統計,1049005a003,各類短期補習班家數統計-家數(單位:家),2018/1/1 上午 12:00:00,010000066000180,臺中市大雅區,Y,年,230560000103,法政類,0,,0,,0,,0,,0,,0,,387040000E,教育局,2019/2/13 上午 10:43:14,2019/2/18 上午 09:17:52
10490-05-01-2,臺中市各類短期補習班家數統計,1049005a003,各類短期補習班家數統計-家數(單位:家),2018/1/1 上午 12:00:00,010000066000180,臺中市大雅區,Y,年,230560000201,電機、汽車 修護、建築、工藝、製圖類,0,,0,,0,,0,,0,,0,,387040000E,教育局,2019/2/13 上午 10:43:14,2019/2/18 上午 09:17:52
10490-05-01-2,臺中市各類短期補習班家數統計,1049005a003,各類短期補習班家數統計-家數(單位:家),2018/1/1 上午 12:00:00,010000066000180,臺中市大雅區,Y,年,230560000202,資訊類,0,,0,,0,,0,,0,,0,,387040000E,教育局,2019/2/13 上午 10:43:14,2019/2/18 上午 09:17:52
10490-05-01-2,臺中市各類短期補習班家數統計,1049005a003,各類短期補習班家數統計-家數(單位:家),2018/1/1 上午 12:00:00,010000066000180,臺中市大雅區,Y,年,230560000203,家政、插花、烹飪類,0,,0,,0,,0,,0,,0,,387040000E,教育局,2019/2/13 上午 10:43:14,2019/2/18 上午 09:17:52
10490-05-01-2,臺中市各類短期補習班家數統計,1049005a003,各類短期補習班家數統計-家數(單位:家),2018/1/1 上午 12:00:00,010000066000180,臺中市大雅區,Y,年,230560000204,縫紉類,0,,0,,0,,0,,0,,0,,387040000E,教育局,2019/2/13 上午 10:43:14,2019/2/18 上午 09:17:52
10490-05-01-2,臺中市各類短期補習班家數統計,1049005a003,各類短期補習班家數統計-家數(單位:家),2018/1/1 上午 12:00:00,010000066000180,臺中市大雅區,Y,年,230560000205,美容、美髮理髮類,0,,0,,0,,0,,0,,0,,387040000E,教育局,2019/2/13 上午 10:43:14,2019/2/18 上午 09:17:52
10490-05-01-2,臺中市各類短期補習班家數統計,1049005a003,各類短期補習班家數統計-家數(單位:家),2018/1/1 上午 12:00:00,010000066000180,臺中市大雅區,Y,年,230560000206,音樂、舞蹈類,0,,0,,0,,0,,0,,7,,387040000E,教育局,2019/2/13 上午 10:43:14,2019/2/18 上午 09:17:52
10490-05-01-2,臺中市各類短期補習班家數統計,1049005a003,各類短期補習班家數統計-家數(單位:家),2018/1/1 上午 12:00:00,010000066000180,臺中市大雅區,Y,年,230560000207,美術、書法、攝影、美工設計、圍棋類,0,,0,,0,,0,,0,,4,,387040000E,教育局,2019/2/13 上午 10:43:14,2019/2/18 上午 09:17:52
10490-05-01-2,臺中市各類短期補習班家數統計,1049005a003,各類短期補習班家數統計-家數(單位:家),2018/1/1 上午 12:00:00,010000066000180,臺中市大雅區,Y,年,230560000208,商類:珠算、心算、會計,0,,0,,0,,0,,0,,2,,387040000E,教育局,2019/2/13 上午 10:43:14,2019/2/18 上午 09:17:52
10490-05-01-2,臺中市各類短期補習班家數統計,1049005a003,各類短期補習班家數統計-家數(單位:家),2018/1/1 上午 12:00:00,010000066000180,臺中市大雅區,Y,年,230560000209,瑜珈類,0,,0,,0,,0,,0,,0,,387040000E,教育局,2019/2/13 上午 10:43:14,2019/2/18 上午 09:17:52
10490-05-01-2,臺中市各類短期補習班家數統計,1049005a003,各類短期補習班家數統計-家數(單位:家),2018/1/1 上午 12:00:00,010000066000180,臺中市大雅區,Y,年,230560000210,速讀類,0,,0,,0,,0,,0,,0,,387040000E,教育局,2019/2/13 上午 10:43:14,2019/2/18 上午 09:17:52
10490-05-01-2,臺中市各類短期補習班家數統計,1049005a003,各類短期補習班家數統計-家數(單位:家),2018/1/1 上午 12:00:00,010000066000180,臺中市大雅區,Y,年,230560000212,其他類,0,,0,,0,,0,,0,,0,,387040000E,教育局,2019/2/13 上午 10:43:14,2019/2/18 上午 09:17:52
10490-05-01-2,臺中市各類短期補習班家數統計,1049005a003,各類短期補習班家數統計-家數(單位:家),2018/1/1 上午 12:00:00,010000066000160,臺中市神岡區,Y,年,230560000101,文理類,0,,0,,0,,0,,0,,28,,387040000E,教育局,2019/2/13 上午 10:43:14,2019/2/18 上午 09:17:52
10490-05-01-2,臺中市各類短期補習班家數統計,1049005a003,各類短期補習班家數統計-家數(單位:家),2018/1/1 上午 12:00:00,010000066000160,臺中市神岡區,Y,年,230560000102,外語類,0,,0,,0,,0,,0,,7,,387040000E,教育局,2019/2/13 上午 10:43:14,2019/2/18 上午 09:17:52
10490-05-01-2,臺中市各類短期補習班家數統計,1049005a003,各類短期補習班家數統計-家數(單位:家),2018/1/1 上午 12:00:00,010000066000160,臺中市神岡區,Y,年,230560000103,法政類,0,,0,,0,,0,,0,,0,,387040000E,教育局,2019/2/13 上午 10:43:14,2019/2/18 上午 09:17:52
10490-05-01-2,臺中市各類短期補習班家數統計,1049005a003,各類短期補習班家數統計-家數(單位:家),2018/1/1 上午 12:00:00,010000066000160,臺中市神岡區,Y,年,230560000201,電機、汽車 修護、建築、工藝、製圖類,0,,0,,0,,0,,0,,0,,387040000E,教育局,2019/2/13 上午 10:43:14,2019/2/18 上午 09:17:52
10490-05-01-2,臺中市各類短期補習班家數統計,1049005a003,各類短期補習班家數統計-家數(單位:家),2018/1/1 上午 12:00:00,010000066000160,臺中市神岡區,Y,年,230560000202,資訊類,0,,0,,0,,0,,0,,0,,387040000E,教育局,2019/2/13 上午 10:43:14,2019/2/18 上午 09:17:52
10490-05-01-2,臺中市各類短期補習班家數統計,1049005a003,各類短期補習班家數統計-家數(單位:家),2018/1/1 上午 12:00:00,010000066000160,臺中市神岡區,Y,年,230560000203,家政、插花、烹飪類,0,,0,,0,,0,,0,,0,,387040000E,教育局,2019/2/13 上午 10:43:14,2019/2/18 上午 09:17:52
10490-05-01-2,臺中市各類短期補習班家數統計,1049005a003,各類短期補習班家數統計-家數(單位:家),2018/1/1 上午 12:00:00,010000066000160,臺中市神岡區,Y,年,230560000204,縫紉類,0,,0,,0,,0,,0,,0,,387040000E,教育局,2019/2/13 上午 10:43:14,2019/2/18 上午 09:17:52
10490-05-01-2,臺中市各類短期補習班家數統計,1049005a003,各類短期補習班家數統計-家數(單位:家),2018/1/1 上午 12:00:00,010000066000160,臺中市神岡區,Y,年,230560000205,美容、美髮理髮類,0,,0,,0,,0,,0,,0,,387040000E,教育局,2019/2/13 上午 10:43:14,2019/2/18 上午 09:17:52
10490-05-01-2,臺中市各類短期補習班家數統計,1049005a003,各類短期補習班家數統計-家數(單位:家),2018/1/1 上午 12:00:00,010000066000160,臺中市神岡區,Y,年,230560000206,音樂、舞蹈類,0,,0,,0,,0,,0,,0,,387040000E,教育局,2019/2/13 上午 10:43:14,2019/2/18 上午 09:17:52
10490-05-01-2,臺中市各類短期補習班家數統計,1049005a003,各類短期補習班家數統計-家數(單位:家),2018/1/1 上午 12:00:00,010000066000160,臺中市神岡區,Y,年,230560000207,美術、書法、攝影、美工設計、圍棋類,0,,0,,0,,0,,0,,1,,387040000E,教育局,2019/2/13 上午 10:43:14,2019/2/18 上午 09:17:52
10490-05-01-2,臺中市各類短期補習班家數統計,1049005a003,各類短期補習班家數統計-家數(單位:家),2018/1/1 上午 12:00:00,010000066000160,臺中市神岡區,Y,年,230560000208,商類:珠算、心算、會計,0,,0,,0,,0,,0,,3,,387040000E,教育局,2019/2/13 上午 10:43:14,2019/2/18 上午 09:17:52
10490-05-01-2,臺中市各類短期補習班家數統計,1049005a003,各類短期補習班家數統計-家數(單位:家),2018/1/1 上午 12:00:00,010000066000160,臺中市神岡區,Y,年,230560000209,瑜珈類,0,,0,,0,,0,,0,,0,,387040000E,教育局,2019/2/13 上午 10:43:14,2019/2/18 上午 09:17:52
10490-05-01-2,臺中市各類短期補習班家數統計,1049005a003,各類短期補習班家數統計-家數(單位:家),2018/1/1 上午 12:00:00,010000066000160,臺中市神岡區,Y,年,230560000210,速讀類,0,,0,,0,,0,,0,,0,,387040000E,教育局,2019/2/13 上午 10:43:14,2019/2/18 上午 09:17:52
10490-05-01-2,臺中市各類短期補習班家數統計,1049005a003,各類短期補習班家數統計-家數(單位:家),2018/1/1 上午 12:00:00,010000066000160,臺中市神岡區,Y,年,230560000212,其他類,0,,0,,0,,0,,0,,0,,387040000E,教育局,2019/2/13 上午 10:43:14,2019/2/18 上午 09:17:52
10490-05-01-2,臺中市各類短期補習班家數統計,1049005a003,各類短期補習班家數統計-家數(單位:家),2018/1/1 上午 12:00:00,010000066000240,臺中市大肚區,Y,年,230560000101,文理類,0,,0,,0,,0,,0,,30,,387040000E,教育局,2019/2/13 上午 10:43:14,2019/2/18 上午 09:17:52
10490-05-01-2,臺中市各類短期補習班家數統計,1049005a003,各類短期補習班家數統計-家數(單位:家),2018/1/1 上午 12:00:00,010000066000240,臺中市大肚區,Y,年,230560000102,外語類,0,,0,,0,,0,,0,,7,,387040000E,教育局,2019/2/13 上午 10:43:14,2019/2/18 上午 09:17:52
10490-05-01-2,臺中市各類短期補習班家數統計,1049005a003,各類短期補習班家數統計-家數(單位:家),2018/1/1 上午 12:00:00,010000066000240,臺中市大肚區,Y,年,230560000103,法政類,0,,0,,0,,0,,0,,0,,387040000E,教育局,2019/2/13 上午 10:43:14,2019/2/18 上午 09:17:52
10490-05-01-2,臺中市各類短期補習班家數統計,1049005a003,各類短期補習班家數統計-家數(單位:家),2018/1/1 上午 12:00:00,010000066000240,臺中市大肚區,Y,年,230560000201,電機、汽車 修護、建築、工藝、製圖類,0,,0,,0,,0,,0,,0,,387040000E,教育局,2019/2/13 上午 10:43:14,2019/2/18 上午 09:17:52
10490-05-01-2,臺中市各類短期補習班家數統計,1049005a003,各類短期補習班家數統計-家數(單位:家),2018/1/1 上午 12:00:00,010000066000240,臺中市大肚區,Y,年,230560000202,資訊類,0,,0,,0,,0,,0,,0,,387040000E,教育局,2019/2/13 上午 10:43:14,2019/2/18 上午 09:17:52
10490-05-01-2,臺中市各類短期補習班家數統計,1049005a003,各類短期補習班家數統計-家數(單位:家),2018/1/1 上午 12:00:00,010000066000240,臺中市大肚區,Y,年,230560000203,家政、插花、烹飪類,0,,0,,0,,0,,0,,0,,387040000E,教育局,2019/2/13 上午 10:43:14,2019/2/18 上午 09:17:52
10490-05-01-2,臺中市各類短期補習班家數統計,1049005a003,各類短期補習班家數統計-家數(單位:家),2018/1/1 上午 12:00:00,010000066000240,臺中市大肚區,Y,年,230560000204,縫紉類,0,,0,,0,,0,,0,,0,,387040000E,教育局,2019/2/13 上午 10:43:14,2019/2/18 上午 09:17:52
10490-05-01-2,臺中市各類短期補習班家數統計,1049005a003,各類短期補習班家數統計-家數(單位:家),2018/1/1 上午 12:00:00,010000066000240,臺中市大肚區,Y,年,230560000205,美容、美髮理髮類,0,,0,,0,,0,,0,,0,,387040000E,教育局,2019/2/13 上午 10:43:14,2019/2/18 上午 09:17:52
10490-05-01-2,臺中市各類短期補習班家數統計,1049005a003,各類短期補習班家數統計-家數(單位:家),2018/1/1 上午 12:00:00,010000066000240,臺中市大肚區,Y,年,230560000206,音樂、舞蹈類,0,,0,,0,,0,,0,,1,,387040000E,教育局,2019/2/13 上午 10:43:14,2019/2/18 上午 09:17:52
10490-05-01-2,臺中市各類短期補習班家數統計,1049005a003,各類短期補習班家數統計-家數(單位:家),2018/1/1 上午 12:00:00,010000066000240,臺中市大肚區,Y,年,230560000207,美術、書法、攝影、美工設計、圍棋類,0,,0,,0,,0,,0,,0,,387040000E,教育局,2019/2/13 上午 10:43:14,2019/2/18 上午 09:17:52
10490-05-01-2,臺中市各類短期補習班家數統計,1049005a003,各類短期補習班家數統計-家數(單位:家),2018/1/1 上午 12:00:00,010000066000240,臺中市大肚區,Y,年,230560000208,商類:珠算、心算、會計,0,,0,,0,,0,,0,,1,,387040000E,教育局,2019/2/13 上午 10:43:14,2019/2/18 上午 09:17:52
10490-05-01-2,臺中市各類短期補習班家數統計,1049005a003,各類短期補習班家數統計-家數(單位:家),2018/1/1 上午 12:00:00,010000066000240,臺中市大肚區,Y,年,230560000209,瑜珈類,0,,0,,0,,0,,0,,0,,387040000E,教育局,2019/2/13 上午 10:43:14,2019/2/18 上午 09:17:52
10490-05-01-2,臺中市各類短期補習班家數統計,1049005a003,各類短期補習班家數統計-家數(單位:家),2018/1/1 上午 12:00:00,010000066000240,臺中市大肚區,Y,年,230560000210,速讀類,0,,0,,0,,0,,0,,0,,387040000E,教育局,2019/2/13 上午 10:43:14,2019/2/18 上午 09:17:52
10490-05-01-2,臺中市各類短期補習班家數統計,1049005a003,各類短期補習班家數統計-家數(單位:家),2018/1/1 上午 12:00:00,010000066000240,臺中市大肚區,Y,年,230560000212,其他類,0,,0,,0,,0,,0,,0,,387040000E,教育局,2019/2/13 上午 10:43:14,2019/2/18 上午 09:17:52
10490-05-01-2,臺中市各類短期補習班家數統計,1049005a003,各類短期補習班家數統計-家數(單位:家),2018/1/1 上午 12:00:00,010000066000130,臺中市沙鹿區,Y,年,230560000101,文理類,0,,0,,0,,0,,0,,57,,387040000E,教育局,2019/2/13 上午 10:43:14,2019/2/18 上午 09:17:52
10490-05-01-2,臺中市各類短期補習班家數統計,1049005a003,各類短期補習班家數統計-家數(單位:家),2018/1/1 上午 12:00:00,010000066000130,臺中市沙鹿區,Y,年,230560000102,外語類,0,,0,,0,,0,,0,,14,,387040000E,教育局,2019/2/13 上午 10:43:14,2019/2/18 上午 09:17:52
10490-05-01-2,臺中市各類短期補習班家數統計,1049005a003,各類短期補習班家數統計-家數(單位:家),2018/1/1 上午 12:00:00,010000066000130,臺中市沙鹿區,Y,年,230560000103,法政類,0,,0,,0,,0,,0,,1,,387040000E,教育局,2019/2/13 上午 10:43:14,2019/2/18 上午 09:17:52
10490-05-01-2,臺中市各類短期補習班家數統計,1049005a003,各類短期補習班家數統計-家數(單位:家),2018/1/1 上午 12:00:00,010000066000130,臺中市沙鹿區,Y,年,230560000201,電機、汽車 修護、建築、工藝、製圖類,0,,0,,0,,0,,0,,0,,387040000E,教育局,2019/2/13 上午 10:43:14,2019/2/18 上午 09:17:52
10490-05-01-2,臺中市各類短期補習班家數統計,1049005a003,各類短期補習班家數統計-家數(單位:家),2018/1/1 上午 12:00:00,010000066000130,臺中市沙鹿區,Y,年,230560000202,資訊類,0,,0,,0,,0,,0,,2,,387040000E,教育局,2019/2/13 上午 10:43:14,2019/2/18 上午 09:17:52
10490-05-01-2,臺中市各類短期補習班家數統計,1049005a003,各類短期補習班家數統計-家數(單位:家),2018/1/1 上午 12:00:00,010000066000130,臺中市沙鹿區,Y,年,230560000203,家政、插花、烹飪類,0,,0,,0,,0,,0,,2,,387040000E,教育局,2019/2/13 上午 10:43:14,2019/2/18 上午 09:17:52
10490-05-01-2,臺中市各類短期補習班家數統計,1049005a003,各類短期補習班家數統計-家數(單位:家),2018/1/1 上午 12:00:00,010000066000130,臺中市沙鹿區,Y,年,230560000204,縫紉類,0,,0,,0,,0,,0,,0,,387040000E,教育局,2019/2/13 上午 10:43:14,2019/2/18 上午 09:17:52
10490-05-01-2,臺中市各類短期補習班家數統計,1049005a003,各類短期補習班家數統計-家數(單位:家),2018/1/1 上午 12:00:00,010000066000130,臺中市沙鹿區,Y,年,230560000205,美容、美髮理髮類,0,,0,,0,,0,,0,,2,,387040000E,教育局,2019/2/13 上午 10:43:14,2019/2/18 上午 09:17:52
10490-05-01-2,臺中市各類短期補習班家數統計,1049005a003,各類短期補習班家數統計-家數(單位:家),2018/1/1 上午 12:00:00,010000066000130,臺中市沙鹿區,Y,年,230560000206,音樂、舞蹈類,0,,0,,0,,0,,0,,2,,387040000E,教育局,2019/2/13 上午 10:43:14,2019/2/18 上午 09:17:52
10490-05-01-2,臺中市各類短期補習班家數統計,1049005a003,各類短期補習班家數統計-家數(單位:家),2018/1/1 上午 12:00:00,010000066000130,臺中市沙鹿區,Y,年,230560000207,美術、書法、攝影、美工設計、圍棋類,0,,0,,0,,0,,0,,2,,387040000E,教育局,2019/2/13 上午 10:43:14,2019/2/18 上午 09:17:52
10490-05-01-2,臺中市各類短期補習班家數統計,1049005a003,各類短期補習班家數統計-家數(單位:家),2018/1/1 上午 12:00:00,010000066000130,臺中市沙鹿區,Y,年,230560000208,商類:珠算、心算、會計,0,,0,,0,,0,,0,,4,,387040000E,教育局,2019/2/13 上午 10:43:14,2019/2/18 上午 09:17:52
10490-05-01-2,臺中市各類短期補習班家數統計,1049005a003,各類短期補習班家數統計-家數(單位:家),2018/1/1 上午 12:00:00,010000066000130,臺中市沙鹿區,Y,年,230560000209,瑜珈類,0,,0,,0,,0,,0,,0,,387040000E,教育局,2019/2/13 上午 10:43:14,2019/2/18 上午 09:17:52
10490-05-01-2,臺中市各類短期補習班家數統計,1049005a003,各類短期補習班家數統計-家數(單位:家),2018/1/1 上午 12:00:00,010000066000130,臺中市沙鹿區,Y,年,230560000210,速讀類,0,,0,,0,,0,,0,,0,,387040000E,教育局,2019/2/13 上午 10:43:14,2019/2/18 上午 09:17:52
10490-05-01-2,臺中市各類短期補習班家數統計,1049005a003,各類短期補習班家數統計-家數(單位:家),2018/1/1 上午 12:00:00,010000066000130,臺中市沙鹿區,Y,年,230560000212,其他類,0,,0,,0,,0,,0,,0,,387040000E,教育局,2019/2/13 上午 10:43:14,2019/2/18 上午 09:17:52
10490-05-01-2,臺中市各類短期補習班家數統計,1049005a003,各類短期補習班家數統計-家數(單位:家),2018/1/1 上午 12:00:00,010000066000250,臺中市龍井區,Y,年,230560000101,文理類,0,,0,,0,,0,,0,,33,,387040000E,教育局,2019/2/13 上午 10:43:14,2019/2/18 上午 09:17:52
10490-05-01-2,臺中市各類短期補習班家數統計,1049005a003,各類短期補習班家數統計-家數(單位:家),2018/1/1 上午 12:00:00,010000066000250,臺中市龍井區,Y,年,230560000102,外語類,0,,0,,0,,0,,0,,11,,387040000E,教育局,2019/2/13 上午 10:43:14,2019/2/18 上午 09:17:52
10490-05-01-2,臺中市各類短期補習班家數統計,1049005a003,各類短期補習班家數統計-家數(單位:家),2018/1/1 上午 12:00:00,010000066000250,臺中市龍井區,Y,年,230560000103,法政類,0,,0,,0,,0,,0,,0,,387040000E,教育局,2019/2/13 上午 10:43:14,2019/2/18 上午 09:17:52
10490-05-01-2,臺中市各類短期補習班家數統計,1049005a003,各類短期補習班家數統計-家數(單位:家),2018/1/1 上午 12:00:00,010000066000250,臺中市龍井區,Y,年,230560000201,電機、汽車 修護、建築、工藝、製圖類,0,,0,,0,,0,,0,,0,,387040000E,教育局,2019/2/13 上午 10:43:14,2019/2/18 上午 09:17:52
10490-05-01-2,臺中市各類短期補習班家數統計,1049005a003,各類短期補習班家數統計-家數(單位:家),2018/1/1 上午 12:00:00,010000066000250,臺中市龍井區,Y,年,230560000202,資訊類,0,,0,,0,,0,,0,,0,,387040000E,教育局,2019/2/13 上午 10:43:14,2019/2/18 上午 09:17:52
10490-05-01-2,臺中市各類短期補習班家數統計,1049005a003,各類短期補習班家數統計-家數(單位:家),2018/1/1 上午 12:00:00,010000066000250,臺中市龍井區,Y,年,230560000203,家政、插花、烹飪類,0,,0,,0,,0,,0,,0,,387040000E,教育局,2019/2/13 上午 10:43:14,2019/2/18 上午 09:17:52
10490-05-01-2,臺中市各類短期補習班家數統計,1049005a003,各類短期補習班家數統計-家數(單位:家),2018/1/1 上午 12:00:00,010000066000250,臺中市龍井區,Y,年,230560000204,縫紉類,0,,0,,0,,0,,0,,0,,387040000E,教育局,2019/2/13 上午 10:43:14,2019/2/18 上午 09:17:52
10490-05-01-2,臺中市各類短期補習班家數統計,1049005a003,各類短期補習班家數統計-家數(單位:家),2018/1/1 上午 12:00:00,010000066000250,臺中市龍井區,Y,年,230560000205,美容、美髮理髮類,0,,0,,0,,0,,0,,0,,387040000E,教育局,2019/2/13 上午 10:43:14,2019/2/18 上午 09:17:52
10490-05-01-2,臺中市各類短期補習班家數統計,1049005a003,各類短期補習班家數統計-家數(單位:家),2018/1/1 上午 12:00:00,010000066000250,臺中市龍井區,Y,年,230560000206,音樂、舞蹈類,0,,0,,0,,0,,0,,3,,387040000E,教育局,2019/2/13 上午 10:43:14,2019/2/18 上午 09:17:52
10490-05-01-2,臺中市各類短期補習班家數統計,1049005a003,各類短期補習班家數統計-家數(單位:家),2018/1/1 上午 12:00:00,010000066000250,臺中市龍井區,Y,年,230560000207,美術、書法、攝影、美工設計、圍棋類,0,,0,,0,,0,,0,,0,,387040000E,教育局,2019/2/13 上午 10:43:14,2019/2/18 上午 09:17:52
10490-05-01-2,臺中市各類短期補習班家數統計,1049005a003,各類短期補習班家數統計-家數(單位:家),2018/1/1 上午 12:00:00,010000066000250,臺中市龍井區,Y,年,230560000208,商類:珠算、心算、會計,0,,0,,0,,0,,0,,1,,387040000E,教育局,2019/2/13 上午 10:43:14,2019/2/18 上午 09:17:52
10490-05-01-2,臺中市各類短期補習班家數統計,1049005a003,各類短期補習班家數統計-家數(單位:家),2018/1/1 上午 12:00:00,010000066000250,臺中市龍井區,Y,年,230560000209,瑜珈類,0,,0,,0,,0,,0,,0,,387040000E,教育局,2019/2/13 上午 10:43:14,2019/2/18 上午 09:17:52
10490-05-01-2,臺中市各類短期補習班家數統計,1049005a003,各類短期補習班家數統計-家數(單位:家),2018/1/1 上午 12:00:00,010000066000250,臺中市龍井區,Y,年,230560000210,速讀類,0,,0,,0,,0,,0,,0,,387040000E,教育局,2019/2/13 上午 10:43:14,2019/2/18 上午 09:17:52
10490-05-01-2,臺中市各類短期補習班家數統計,1049005a003,各類短期補習班家數統計-家數(單位:家),2018/1/1 上午 12:00:00,010000066000250,臺中市龍井區,Y,年,230560000212,其他類,0,,0,,0,,0,,0,,0,,387040000E,教育局,2019/2/13 上午 10:43:14,2019/2/18 上午 09:17:52
10490-05-01-2,臺中市各類短期補習班家數統計,1049005a003,各類短期補習班家數統計-家數(單位:家),2018/1/1 上午 12:00:00,010000066000140,臺中市梧棲區,Y,年,230560000101,文理類,0,,0,,0,,0,,0,,30,,387040000E,教育局,2019/2/13 上午 10:43:14,2019/2/18 上午 09:17:52
10490-05-01-2,臺中市各類短期補習班家數統計,1049005a003,各類短期補習班家數統計-家數(單位:家),2018/1/1 上午 12:00:00,010000066000140,臺中市梧棲區,Y,年,230560000102,外語類,0,,0,,0,,0,,0,,7,,387040000E,教育局,2019/2/13 上午 10:43:14,2019/2/18 上午 09:17:52
10490-05-01-2,臺中市各類短期補習班家數統計,1049005a003,各類短期補習班家數統計-家數(單位:家),2018/1/1 上午 12:00:00,010000066000140,臺中市梧棲區,Y,年,230560000103,法政類,0,,0,,0,,0,,0,,0,,387040000E,教育局,2019/2/13 上午 10:43:14,2019/2/18 上午 09:17:52
10490-05-01-2,臺中市各類短期補習班家數統計,1049005a003,各類短期補習班家數統計-家數(單位:家),2018/1/1 上午 12:00:00,010000066000140,臺中市梧棲區,Y,年,230560000201,電機、汽車 修護、建築、工藝、製圖類,0,,0,,0,,0,,0,,0,,387040000E,教育局,2019/2/13 上午 10:43:14,2019/2/18 上午 09:17:52
10490-05-01-2,臺中市各類短期補習班家數統計,1049005a003,各類短期補習班家數統計-家數(單位:家),2018/1/1 上午 12:00:00,010000066000140,臺中市梧棲區,Y,年,230560000202,資訊類,0,,0,,0,,0,,0,,1,,387040000E,教育局,2019/2/13 上午 10:43:14,2019/2/18 上午 09:17:52
10490-05-01-2,臺中市各類短期補習班家數統計,1049005a003,各類短期補習班家數統計-家數(單位:家),2018/1/1 上午 12:00:00,010000066000140,臺中市梧棲區,Y,年,230560000203,家政、插花、烹飪類,0,,0,,0,,0,,0,,0,,387040000E,教育局,2019/2/13 上午 10:43:14,2019/2/18 上午 09:17:52
10490-05-01-2,臺中市各類短期補習班家數統計,1049005a003,各類短期補習班家數統計-家數(單位:家),2018/1/1 上午 12:00:00,010000066000140,臺中市梧棲區,Y,年,230560000204,縫紉類,0,,0,,0,,0,,0,,0,,387040000E,教育局,2019/2/13 上午 10:43:14,2019/2/18 上午 09:17:52
10490-05-01-2,臺中市各類短期補習班家數統計,1049005a003,各類短期補習班家數統計-家數(單位:家),2018/1/1 上午 12:00:00,010000066000140,臺中市梧棲區,Y,年,230560000205,美容、美髮理髮類,0,,0,,0,,0,,0,,0,,387040000E,教育局,2019/2/13 上午 10:43:14,2019/2/18 上午 09:17:52
10490-05-01-2,臺中市各類短期補習班家數統計,1049005a003,各類短期補習班家數統計-家數(單位:家),2018/1/1 上午 12:00:00,010000066000140,臺中市梧棲區,Y,年,230560000206,音樂、舞蹈類,0,,0,,0,,0,,0,,1,,387040000E,教育局,2019/2/13 上午 10:43:14,2019/2/18 上午 09:17:52
10490-05-01-2,臺中市各類短期補習班家數統計,1049005a003,各類短期補習班家數統計-家數(單位:家),2018/1/1 上午 12:00:00,010000066000140,臺中市梧棲區,Y,年,230560000207,美術、書法、攝影、美工設計、圍棋類,0,,0,,0,,0,,0,,0,,387040000E,教育局,2019/2/13 上午 10:43:14,2019/2/18 上午 09:17:52
10490-05-01-2,臺中市各類短期補習班家數統計,1049005a003,各類短期補習班家數統計-家數(單位:家),2018/1/1 上午 12:00:00,010000066000140,臺中市梧棲區,Y,年,230560000208,商類:珠算、心算、會計,0,,0,,0,,0,,0,,5,,387040000E,教育局,2019/2/13 上午 10:43:14,2019/2/18 上午 09:17:52
10490-05-01-2,臺中市各類短期補習班家數統計,1049005a003,各類短期補習班家數統計-家數(單位:家),2018/1/1 上午 12:00:00,010000066000140,臺中市梧棲區,Y,年,230560000209,瑜珈類,0,,0,,0,,0,,0,,0,,387040000E,教育局,2019/2/13 上午 10:43:14,2019/2/18 上午 09:17:52
10490-05-01-2,臺中市各類短期補習班家數統計,1049005a003,各類短期補習班家數統計-家數(單位:家),2018/1/1 上午 12:00:00,010000066000140,臺中市梧棲區,Y,年,230560000210,速讀類,0,,0,,0,,0,,0,,0,,387040000E,教育局,2019/2/13 上午 10:43:14,2019/2/18 上午 09:17:52
10490-05-01-2,臺中市各類短期補習班家數統計,1049005a003,各類短期補習班家數統計-家數(單位:家),2018/1/1 上午 12:00:00,010000066000140,臺中市梧棲區,Y,年,230560000212,其他類,0,,0,,0,,0,,0,,0,,387040000E,教育局,2019/2/13 上午 10:43:14,2019/2/18 上午 09:17:52
10490-05-01-2,臺中市各類短期補習班家數統計,1049005a003,各類短期補習班家數統計-家數(單位:家),2018/1/1 上午 12:00:00,010000066000120,臺中市清水區,Y,年,230560000101,文理類,0,,0,,0,,0,,0,,49,,387040000E,教育局,2019/2/13 上午 10:43:14,2019/2/18 上午 09:17:52
10490-05-01-2,臺中市各類短期補習班家數統計,1049005a003,各類短期補習班家數統計-家數(單位:家),2018/1/1 上午 12:00:00,010000066000120,臺中市清水區,Y,年,230560000102,外語類,0,,0,,0,,0,,0,,16,,387040000E,教育局,2019/2/13 上午 10:43:14,2019/2/18 上午 09:17:52
10490-05-01-2,臺中市各類短期補習班家數統計,1049005a003,各類短期補習班家數統計-家數(單位:家),2018/1/1 上午 12:00:00,010000066000120,臺中市清水區,Y,年,230560000103,法政類,0,,0,,0,,0,,0,,0,,387040000E,教育局,2019/2/13 上午 10:43:14,2019/2/18 上午 09:17:52
10490-05-01-2,臺中市各類短期補習班家數統計,1049005a003,各類短期補習班家數統計-家數(單位:家),2018/1/1 上午 12:00:00,010000066000120,臺中市清水區,Y,年,230560000201,電機、汽車 修護、建築、工藝、製圖類,0,,0,,0,,0,,0,,0,,387040000E,教育局,2019/2/13 上午 10:43:14,2019/2/18 上午 09:17:52
10490-05-01-2,臺中市各類短期補習班家數統計,1049005a003,各類短期補習班家數統計-家數(單位:家),2018/1/1 上午 12:00:00,010000066000120,臺中市清水區,Y,年,230560000202,資訊類,0,,0,,0,,0,,0,,0,,387040000E,教育局,2019/2/13 上午 10:43:14,2019/2/18 上午 09:17:52
10490-05-01-2,臺中市各類短期補習班家數統計,1049005a003,各類短期補習班家數統計-家數(單位:家),2018/1/1 上午 12:00:00,010000066000120,臺中市清水區,Y,年,230560000203,家政、插花、烹飪類,0,,0,,0,,0,,0,,0,,387040000E,教育局,2019/2/13 上午 10:43:14,2019/2/18 上午 09:17:52
10490-05-01-2,臺中市各類短期補習班家數統計,1049005a003,各類短期補習班家數統計-家數(單位:家),2018/1/1 上午 12:00:00,010000066000120,臺中市清水區,Y,年,230560000204,縫紉類,0,,0,,0,,0,,0,,0,,387040000E,教育局,2019/2/13 上午 10:43:14,2019/2/18 上午 09:17:52
10490-05-01-2,臺中市各類短期補習班家數統計,1049005a003,各類短期補習班家數統計-家數(單位:家),2018/1/1 上午 12:00:00,010000066000120,臺中市清水區,Y,年,230560000205,美容、美髮理髮類,0,,0,,0,,0,,0,,0,,387040000E,教育局,2019/2/13 上午 10:43:14,2019/2/18 上午 09:17:52
10490-05-01-2,臺中市各類短期補習班家數統計,1049005a003,各類短期補習班家數統計-家數(單位:家),2018/1/1 上午 12:00:00,010000066000120,臺中市清水區,Y,年,230560000206,音樂、舞蹈類,0,,0,,0,,0,,0,,3,,387040000E,教育局,2019/2/13 上午 10:43:14,2019/2/18 上午 09:17:52
10490-05-01-2,臺中市各類短期補習班家數統計,1049005a003,各類短期補習班家數統計-家數(單位:家),2018/1/1 上午 12:00:00,010000066000120,臺中市清水區,Y,年,230560000207,美術、書法、攝影、美工設計、圍棋類,0,,0,,0,,0,,0,,1,,387040000E,教育局,2019/2/13 上午 10:43:14,2019/2/18 上午 09:17:52
10490-05-01-2,臺中市各類短期補習班家數統計,1049005a003,各類短期補習班家數統計-家數(單位:家),2018/1/1 上午 12:00:00,010000066000120,臺中市清水區,Y,年,230560000208,商類:珠算、心算、會計,0,,0,,0,,0,,0,,3,,387040000E,教育局,2019/2/13 上午 10:43:14,2019/2/18 上午 09:17:52
10490-05-01-2,臺中市各類短期補習班家數統計,1049005a003,各類短期補習班家數統計-家數(單位:家),2018/1/1 上午 12:00:00,010000066000120,臺中市清水區,Y,年,230560000209,瑜珈類,0,,0,,0,,0,,0,,0,,387040000E,教育局,2019/2/13 上午 10:43:14,2019/2/18 上午 09:17:52
10490-05-01-2,臺中市各類短期補習班家數統計,1049005a003,各類短期補習班家數統計-家數(單位:家),2018/1/1 上午 12:00:00,010000066000120,臺中市清水區,Y,年,230560000210,速讀類,0,,0,,0,,0,,0,,0,,387040000E,教育局,2019/2/13 上午 10:43:14,2019/2/18 上午 09:17:52
10490-05-01-2,臺中市各類短期補習班家數統計,1049005a003,各類短期補習班家數統計-家數(單位:家),2018/1/1 上午 12:00:00,010000066000120,臺中市清水區,Y,年,230560000212,其他類,0,,0,,0,,0,,0,,1,,387040000E,教育局,2019/2/13 上午 10:43:14,2019/2/18 上午 09:17:52
10490-05-01-2,臺中市各類短期補習班家數統計,1049005a003,各類短期補習班家數統計-家數(單位:家),2018/1/1 上午 12:00:00,010000066000110,臺中市大甲區,Y,年,230560000101,文理類,0,,0,,0,,0,,0,,43,,387040000E,教育局,2019/2/13 上午 10:43:14,2019/2/18 上午 09:17:52
10490-05-01-2,臺中市各類短期補習班家數統計,1049005a003,各類短期補習班家數統計-家數(單位:家),2018/1/1 上午 12:00:00,010000066000110,臺中市大甲區,Y,年,230560000102,外語類,0,,0,,0,,0,,0,,18,,387040000E,教育局,2019/2/13 上午 10:43:14,2019/2/18 上午 09:17:52
10490-05-01-2,臺中市各類短期補習班家數統計,1049005a003,各類短期補習班家數統計-家數(單位:家),2018/1/1 上午 12:00:00,010000066000110,臺中市大甲區,Y,年,230560000103,法政類,0,,0,,0,,0,,0,,1,,387040000E,教育局,2019/2/13 上午 10:43:14,2019/2/18 上午 09:17:52
10490-05-01-2,臺中市各類短期補習班家數統計,1049005a003,各類短期補習班家數統計-家數(單位:家),2018/1/1 上午 12:00:00,010000066000110,臺中市大甲區,Y,年,230560000201,電機、汽車 修護、建築、工藝、製圖類,0,,0,,0,,0,,0,,0,,387040000E,教育局,2019/2/13 上午 10:43:14,2019/2/18 上午 09:17:52
10490-05-01-2,臺中市各類短期補習班家數統計,1049005a003,各類短期補習班家數統計-家數(單位:家),2018/1/1 上午 12:00:00,010000066000110,臺中市大甲區,Y,年,230560000202,資訊類,0,,0,,0,,0,,0,,0,,387040000E,教育局,2019/2/13 上午 10:43:14,2019/2/18 上午 09:17:52
10490-05-01-2,臺中市各類短期補習班家數統計,1049005a003,各類短期補習班家數統計-家數(單位:家),2018/1/1 上午 12:00:00,010000066000110,臺中市大甲區,Y,年,230560000203,家政、插花、烹飪類,0,,0,,0,,0,,0,,0,,387040000E,教育局,2019/2/13 上午 10:43:14,2019/2/18 上午 09:17:52
10490-05-01-2,臺中市各類短期補習班家數統計,1049005a003,各類短期補習班家數統計-家數(單位:家),2018/1/1 上午 12:00:00,010000066000110,臺中市大甲區,Y,年,230560000204,縫紉類,0,,0,,0,,0,,0,,0,,387040000E,教育局,2019/2/13 上午 10:43:14,2019/2/18 上午 09:17:52
10490-05-01-2,臺中市各類短期補習班家數統計,1049005a003,各類短期補習班家數統計-家數(單位:家),2018/1/1 上午 12:00:00,010000066000110,臺中市大甲區,Y,年,230560000205,美容、美髮理髮類,0,,0,,0,,0,,0,,1,,387040000E,教育局,2019/2/13 上午 10:43:14,2019/2/18 上午 09:17:52
10490-05-01-2,臺中市各類短期補習班家數統計,1049005a003,各類短期補習班家數統計-家數(單位:家),2018/1/1 上午 12:00:00,010000066000110,臺中市大甲區,Y,年,230560000206,音樂、舞蹈類,0,,0,,0,,0,,0,,3,,387040000E,教育局,2019/2/13 上午 10:43:14,2019/2/18 上午 09:17:52
10490-05-01-2,臺中市各類短期補習班家數統計,1049005a003,各類短期補習班家數統計-家數(單位:家),2018/1/1 上午 12:00:00,010000066000110,臺中市大甲區,Y,年,230560000207,美術、書法、攝影、美工設計、圍棋類,0,,0,,0,,0,,0,,4,,387040000E,教育局,2019/2/13 上午 10:43:14,2019/2/18 上午 09:17:52
10490-05-01-2,臺中市各類短期補習班家數統計,1049005a003,各類短期補習班家數統計-家數(單位:家),2018/1/1 上午 12:00:00,010000066000110,臺中市大甲區,Y,年,230560000208,商類:珠算、心算、會計,0,,0,,0,,0,,0,,7,,387040000E,教育局,2019/2/13 上午 10:43:14,2019/2/18 上午 09:17:52
10490-05-01-2,臺中市各類短期補習班家數統計,1049005a003,各類短期補習班家數統計-家數(單位:家),2018/1/1 上午 12:00:00,010000066000110,臺中市大甲區,Y,年,230560000209,瑜珈類,0,,0,,0,,0,,0,,0,,387040000E,教育局,2019/2/13 上午 10:43:14,2019/2/18 上午 09:17:52
10490-05-01-2,臺中市各類短期補習班家數統計,1049005a003,各類短期補習班家數統計-家數(單位:家),2018/1/1 上午 12:00:00,010000066000110,臺中市大甲區,Y,年,230560000210,速讀類,0,,0,,0,,0,,0,,0,,387040000E,教育局,2019/2/13 上午 10:43:14,2019/2/18 上午 09:17:52
10490-05-01-2,臺中市各類短期補習班家數統計,1049005a003,各類短期補習班家數統計-家數(單位:家),2018/1/1 上午 12:00:00,010000066000110,臺中市大甲區,Y,年,230560000212,其他類,0,,0,,0,,0,,0,,0,,387040000E,教育局,2019/2/13 上午 10:43:14,2019/2/18 上午 09:17:52
10490-05-01-2,臺中市各類短期補習班家數統計,1049005a003,各類短期補習班家數統計-家數(單位:家),2018/1/1 上午 12:00:00,010000066000210,臺中市外埔區,Y,年,230560000101,文理類,0,,0,,0,,0,,0,,9,,387040000E,教育局,2019/2/13 上午 10:43:14,2019/2/18 上午 09:17:52
10490-05-01-2,臺中市各類短期補習班家數統計,1049005a003,各類短期補習班家數統計-家數(單位:家),2018/1/1 上午 12:00:00,010000066000210,臺中市外埔區,Y,年,230560000102,外語類,0,,0,,0,,0,,0,,1,,387040000E,教育局,2019/2/13 上午 10:43:14,2019/2/18 上午 09:17:52
10490-05-01-2,臺中市各類短期補習班家數統計,1049005a003,各類短期補習班家數統計-家數(單位:家),2018/1/1 上午 12:00:00,010000066000210,臺中市外埔區,Y,年,230560000103,法政類,0,,0,,0,,0,,0,,0,,387040000E,教育局,2019/2/13 上午 10:43:14,2019/2/18 上午 09:17:52
10490-05-01-2,臺中市各類短期補習班家數統計,1049005a003,各類短期補習班家數統計-家數(單位:家),2018/1/1 上午 12:00:00,010000066000210,臺中市外埔區,Y,年,230560000201,電機、汽車 修護、建築、工藝、製圖類,0,,0,,0,,0,,0,,0,,387040000E,教育局,2019/2/13 上午 10:43:14,2019/2/18 上午 09:17:52
10490-05-01-2,臺中市各類短期補習班家數統計,1049005a003,各類短期補習班家數統計-家數(單位:家),2018/1/1 上午 12:00:00,010000066000210,臺中市外埔區,Y,年,230560000202,資訊類,0,,0,,0,,0,,0,,0,,387040000E,教育局,2019/2/13 上午 10:43:14,2019/2/18 上午 09:17:52
10490-05-01-2,臺中市各類短期補習班家數統計,1049005a003,各類短期補習班家數統計-家數(單位:家),2018/1/1 上午 12:00:00,010000066000210,臺中市外埔區,Y,年,230560000203,家政、插花、烹飪類,0,,0,,0,,0,,0,,0,,387040000E,教育局,2019/2/13 上午 10:43:14,2019/2/18 上午 09:17:52
10490-05-01-2,臺中市各類短期補習班家數統計,1049005a003,各類短期補習班家數統計-家數(單位:家),2018/1/1 上午 12:00:00,010000066000210,臺中市外埔區,Y,年,230560000204,縫紉類,0,,0,,0,,0,,0,,0,,387040000E,教育局,2019/2/13 上午 10:43:14,2019/2/18 上午 09:17:52
10490-05-01-2,臺中市各類短期補習班家數統計,1049005a003,各類短期補習班家數統計-家數(單位:家),2018/1/1 上午 12:00:00,010000066000210,臺中市外埔區,Y,年,230560000205,美容、美髮理髮類,0,,0,,0,,0,,0,,0,,387040000E,教育局,2019/2/13 上午 10:43:14,2019/2/18 上午 09:17:52
10490-05-01-2,臺中市各類短期補習班家數統計,1049005a003,各類短期補習班家數統計-家數(單位:家),2018/1/1 上午 12:00:00,010000066000210,臺中市外埔區,Y,年,230560000206,音樂、舞蹈類,0,,0,,0,,0,,0,,0,,387040000E,教育局,2019/2/13 上午 10:43:14,2019/2/18 上午 09:17:52
10490-05-01-2,臺中市各類短期補習班家數統計,1049005a003,各類短期補習班家數統計-家數(單位:家),2018/1/1 上午 12:00:00,010000066000210,臺中市外埔區,Y,年,230560000207,美術、書法、攝影、美工設計、圍棋類,0,,0,,0,,0,,0,,0,,387040000E,教育局,2019/2/13 上午 10:43:14,2019/2/18 上午 09:17:52
10490-05-01-2,臺中市各類短期補習班家數統計,1049005a003,各類短期補習班家數統計-家數(單位:家),2018/1/1 上午 12:00:00,010000066000210,臺中市外埔區,Y,年,230560000208,商類:珠算、心算、會計,0,,0,,0,,0,,0,,0,,387040000E,教育局,2019/2/13 上午 10:43:14,2019/2/18 上午 09:17:52
10490-05-01-2,臺中市各類短期補習班家數統計,1049005a003,各類短期補習班家數統計-家數(單位:家),2018/1/1 上午 12:00:00,010000066000210,臺中市外埔區,Y,年,230560000209,瑜珈類,0,,0,,0,,0,,0,,0,,387040000E,教育局,2019/2/13 上午 10:43:14,2019/2/18 上午 09:17:52
10490-05-01-2,臺中市各類短期補習班家數統計,1049005a003,各類短期補習班家數統計-家數(單位:家),2018/1/1 上午 12:00:00,010000066000210,臺中市外埔區,Y,年,230560000210,速讀類,0,,0,,0,,0,,0,,0,,387040000E,教育局,2019/2/13 上午 10:43:14,2019/2/18 上午 09:17:52
10490-05-01-2,臺中市各類短期補習班家數統計,1049005a003,各類短期補習班家數統計-家數(單位:家),2018/1/1 上午 12:00:00,010000066000210,臺中市外埔區,Y,年,230560000212,其他類,0,,0,,0,,0,,0,,0,,387040000E,教育局,2019/2/13 上午 10:43:14,2019/2/18 上午 09:17:52
10490-05-01-2,臺中市各類短期補習班家數統計,1049005a003,各類短期補習班家數統計-家數(單位:家),2018/1/1 上午 12:00:00,010000066000220,臺中市大安區,Y,年,230560000101,文理類,0,,0,,0,,0,,0,,0,,387040000E,教育局,2019/2/13 上午 10:43:14,2019/2/18 上午 09:17:52
10490-05-01-2,臺中市各類短期補習班家數統計,1049005a003,各類短期補習班家數統計-家數(單位:家),2018/1/1 上午 12:00:00,010000066000220,臺中市大安區,Y,年,230560000102,外語類,0,,0,,0,,0,,0,,1,,387040000E,教育局,2019/2/13 上午 10:43:14,2019/2/18 上午 09:17:52
10490-05-01-2,臺中市各類短期補習班家數統計,1049005a003,各類短期補習班家數統計-家數(單位:家),2018/1/1 上午 12:00:00,010000066000220,臺中市大安區,Y,年,230560000103,法政類,0,,0,,0,,0,,0,,0,,387040000E,教育局,2019/2/13 上午 10:43:14,2019/2/18 上午 09:17:52
10490-05-01-2,臺中市各類短期補習班家數統計,1049005a003,各類短期補習班家數統計-家數(單位:家),2018/1/1 上午 12:00:00,010000066000220,臺中市大安區,Y,年,230560000201,電機、汽車 修護、建築、工藝、製圖類,0,,0,,0,,0,,0,,0,,387040000E,教育局,2019/2/13 上午 10:43:14,2019/2/18 上午 09:17:52
10490-05-01-2,臺中市各類短期補習班家數統計,1049005a003,各類短期補習班家數統計-家數(單位:家),2018/1/1 上午 12:00:00,010000066000220,臺中市大安區,Y,年,230560000202,資訊類,0,,0,,0,,0,,0,,0,,387040000E,教育局,2019/2/13 上午 10:43:14,2019/2/18 上午 09:17:52
10490-05-01-2,臺中市各類短期補習班家數統計,1049005a003,各類短期補習班家數統計-家數(單位:家),2018/1/1 上午 12:00:00,010000066000220,臺中市大安區,Y,年,230560000203,家政、插花、烹飪類,0,,0,,0,,0,,0,,0,,387040000E,教育局,2019/2/13 上午 10:43:14,2019/2/18 上午 09:17:52
10490-05-01-2,臺中市各類短期補習班家數統計,1049005a003,各類短期補習班家數統計-家數(單位:家),2018/1/1 上午 12:00:00,010000066000220,臺中市大安區,Y,年,230560000204,縫紉類,0,,0,,0,,0,,0,,0,,387040000E,教育局,2019/2/13 上午 10:43:14,2019/2/18 上午 09:17:52
10490-05-01-2,臺中市各類短期補習班家數統計,1049005a003,各類短期補習班家數統計-家數(單位:家),2018/1/1 上午 12:00:00,010000066000220,臺中市大安區,Y,年,230560000205,美容、美髮理髮類,0,,0,,0,,0,,0,,0,,387040000E,教育局,2019/2/13 上午 10:43:14,2019/2/18 上午 09:17:52
10490-05-01-2,臺中市各類短期補習班家數統計,1049005a003,各類短期補習班家數統計-家數(單位:家),2018/1/1 上午 12:00:00,010000066000220,臺中市大安區,Y,年,230560000206,音樂、舞蹈類,0,,0,,0,,0,,0,,0,,387040000E,教育局,2019/2/13 上午 10:43:14,2019/2/18 上午 09:17:52
10490-05-01-2,臺中市各類短期補習班家數統計,1049005a003,各類短期補習班家數統計-家數(單位:家),2018/1/1 上午 12:00:00,010000066000220,臺中市大安區,Y,年,230560000207,美術、書法、攝影、美工設計、圍棋類,0,,0,,0,,0,,0,,0,,387040000E,教育局,2019/2/13 上午 10:43:14,2019/2/18 上午 09:17:52
10490-05-01-2,臺中市各類短期補習班家數統計,1049005a003,各類短期補習班家數統計-家數(單位:家),2018/1/1 上午 12:00:00,010000066000220,臺中市大安區,Y,年,230560000208,商類:珠算、心算、會計,0,,0,,0,,0,,0,,0,,387040000E,教育局,2019/2/13 上午 10:43:14,2019/2/18 上午 09:17:52
10490-05-01-2,臺中市各類短期補習班家數統計,1049005a003,各類短期補習班家數統計-家數(單位:家),2018/1/1 上午 12:00:00,010000066000220,臺中市大安區,Y,年,230560000209,瑜珈類,0,,0,,0,,0,,0,,0,,387040000E,教育局,2019/2/13 上午 10:43:14,2019/2/18 上午 09:17:52
10490-05-01-2,臺中市各類短期補習班家數統計,1049005a003,各類短期補習班家數統計-家數(單位:家),2018/1/1 上午 12:00:00,010000066000220,臺中市大安區,Y,年,230560000210,速讀類,0,,0,,0,,0,,0,,0,,387040000E,教育局,2019/2/13 上午 10:43:14,2019/2/18 上午 09:17:52
10490-05-01-2,臺中市各類短期補習班家數統計,1049005a003,各類短期補習班家數統計-家數(單位:家),2018/1/1 上午 12:00:00,010000066000220,臺中市大安區,Y,年,230560000212,其他類,0,,0,,0,,0,,0,,0,,387040000E,教育局,2019/2/13 上午 10:43:14,2019/2/18 上午 09:17:52
